{
  "scenarioParameters": {
    "year": 2035,
    "transmission": "Isolated",
    "sovereignty": "WithSovereignty",
    "demand": "ElecPlus",
    "hydroAndean": "Medium",
    "hydroConoSur": "Medium"
  },
  "regional": {
    "generationMix": {
      "Solar": 651.7501512637651,
      "Wind": 1079.8375793304906,
      "Hydro_Embalse": 858.0046958542573,
      "Hydro_Pasada": 94.12235860989902,
      "Coal": 0.0,
      "Gas": 233.06016427457834,
      "Diesel": 0.7500948179075002,
      "Nuclear": 46.866
    }
  },
  "countries": {
    "AR": {
      "generationMix": {
        "Solar": 154.8010907394072,
        "Wind": 18.1692966021624,
        "Hydro_Embalse": 23.02023070176964,
        "Hydro_Pasada": 3.708581688344234,
        "Coal": 0,
        "Gas": 36.73141882479057,
        "Diesel": 0.0,
        "Nuclear": 15.33
      }
    },
    "BO": {
      "generationMix": {
        "Solar": 9.209703486881446,
        "Wind": 12.84646712852103,
        "Hydro_Embalse": 2.572166962454098,
        "Hydro_Pasada": 0.6236212482769303,
        "Coal": 0,
        "Gas": 1.787998850085869,
        "Diesel": 0.008340547298276577,
        "Nuclear": 0.0
      }
    },
    "BR": {
      "generationMix": {
        "Solar": 61.61475976003179,
        "Wind": 633.1132758149329,
        "Hydro_Embalse": 461.8056919959117,
        "Hydro_Pasada": 38.47752681282658,
        "Coal": 0,
        "Gas": 1.346728165603588,
        "Diesel": 0.0,
        "Nuclear": 17.4324
      }
    },
    "BZ": {
      "generationMix": {
        "Solar": 0.02233463466037498,
        "Wind": 1.181434705372259,
        "Hydro_Embalse": 0.2285714285714286,
        "Hydro_Pasada": 0.0342857142857118,
        "Coal": 0,
        "Gas": 0.9954718796133949,
        "Diesel": 0.01645939587047478,
        "Nuclear": 0.0
      }
    },
    "CL": {
      "generationMix": {
        "Solar": 41.8362894612689,
        "Wind": 95.20363497233745,
        "Hydro_Embalse": 13.16949986668984,
        "Hydro_Pasada": 7.09323101776423,
        "Coal": 0,
        "Gas": 3.323270330854239,
        "Diesel": 0.1294618106741622,
        "Nuclear": 0.0
      }
    },
    "CO": {
      "generationMix": {
        "Solar": 70.80796797676686,
        "Wind": 37.42097735045795,
        "Hydro_Embalse": 31.06134967140217,
        "Hydro_Pasada": 11.48021214508987,
        "Coal": 0,
        "Gas": 16.67781080509592,
        "Diesel": 0.07903361846987322,
        "Nuclear": 0.0
      }
    },
    "CR": {
      "generationMix": {
        "Solar": 0.1396183483875999,
        "Wind": 4.605325283022359,
        "Hydro_Embalse": 12.2447054125637,
        "Hydro_Pasada": 2.126058530510431,
        "Coal": 0,
        "Gas": 2.758621572766452,
        "Diesel": 0.02052083824859821,
        "Nuclear": 0.0
      }
    },
    "EC": {
      "generationMix": {
        "Solar": 47.53578296104747,
        "Wind": 1.544027382061808,
        "Hydro_Embalse": 12.04086391575326,
        "Hydro_Pasada": 4.655700477438264,
        "Coal": 0,
        "Gas": 12.11100935569937,
        "Diesel": 0.01401397596572393,
        "Nuclear": 0.0
      }
    },
    "ES": {
      "generationMix": {
        "Solar": 8.045316572318967,
        "Wind": 0.6998179281131534,
        "Hydro_Embalse": 3.7449,
        "Hydro_Pasada": 0.8692307692307064,
        "Coal": 0,
        "Gas": 1.18678532285116,
        "Diesel": 0.0,
        "Nuclear": 0.0
      }
    },
    "FG": {
      "generationMix": {
        "Solar": 0.2138383731519133,
        "Wind": 0.5343925433787179,
        "Hydro_Embalse": 0.94608,
        "Hydro_Pasada": 0.0304847999999978,
        "Coal": 0,
        "Gas": 0.322953071907976,
        "Diesel": 0.01065427899995105,
        "Nuclear": 0.0
      }
    },
    "GU": {
      "generationMix": {
        "Solar": 13.50382010378716,
        "Wind": 2.019252050881077,
        "Hydro_Embalse": 7.564260000000001,
        "Hydro_Pasada": 2.116666666666514,
        "Coal": 0,
        "Gas": 1.987262918948943,
        "Diesel": 0.0,
        "Nuclear": 0.0
      }
    },
    "GY": {
      "generationMix": {
        "Solar": 0.02247685,
        "Wind": 0.08108243185639058,
        "Hydro_Embalse": 5e-06,
        "Hydro_Pasada": 9.99999999999928e-07,
        "Coal": 0,
        "Gas": 1.58311693953249,
        "Diesel": 0.01467834864821611,
        "Nuclear": 0.0
      }
    },
    "HO": {
      "generationMix": {
        "Solar": 16.13889369392935,
        "Wind": 2.548789908571753,
        "Hydro_Embalse": 5.18154,
        "Hydro_Pasada": 1.684210526315668,
        "Coal": 0,
        "Gas": 4.124514888226559,
        "Diesel": 0.01163075520760848,
        "Nuclear": 0.0
      }
    },
    "MX": {
      "generationMix": {
        "Solar": 189.077692145575,
        "Wind": 214.3670285238768,
        "Hydro_Embalse": 81.5556,
        "Hydro_Pasada": 7.723243243242685,
        "Coal": 0,
        "Gas": 73.41928343305725,
        "Diesel": 0.0,
        "Nuclear": 14.1036
      }
    },
    "NI": {
      "generationMix": {
        "Solar": 6.392837799169699,
        "Wind": 0.6055437782493162,
        "Hydro_Embalse": 0.84096,
        "Hydro_Pasada": 0.2745762711864209,
        "Coal": 0,
        "Gas": 2.190925216864061,
        "Diesel": 0.0,
        "Nuclear": 0.0
      }
    },
    "PA": {
      "generationMix": {
        "Solar": 3.066503190530243,
        "Wind": 4.339095942926319,
        "Hydro_Embalse": 11.28288,
        "Hydro_Pasada": 2.384516129032085,
        "Coal": 0,
        "Gas": 5.564455250974154,
        "Diesel": 0.0641224074153822,
        "Nuclear": 0.0
      }
    },
    "PE": {
      "generationMix": {
        "Solar": 16.45002802833332,
        "Wind": 18.55162519300553,
        "Hydro_Embalse": 25.43783770073449,
        "Hydro_Pasada": 9.64197876261147,
        "Coal": 0,
        "Gas": 65.04594271451478,
        "Diesel": 0.3726671839490632,
        "Nuclear": 0.0
      }
    },
    "PY": {
      "generationMix": {
        "Solar": 12.34697703697966,
        "Wind": 0.0,
        "Hydro_Embalse": 50.54251414073658,
        "Hydro_Pasada": 0.3472784921017149,
        "Coal": 0,
        "Gas": 0.0,
        "Diesel": 0.0,
        "Nuclear": 0.0
      }
    },
    "SU": {
      "generationMix": {
        "Solar": 0.02221914999999999,
        "Wind": 1.691926006787621,
        "Hydro_Embalse": 1.49796,
        "Hydro_Pasada": 0.01970999999999857,
        "Coal": 0,
        "Gas": 1.159900972823404,
        "Diesel": 0.008511657160170254,
        "Nuclear": 0.0
      }
    },
    "UY": {
      "generationMix": {
        "Solar": 0.5020009515382131,
        "Wind": 30.28617219889839,
        "Hydro_Embalse": 6.841236824937004,
        "Hydro_Pasada": 0.2023784851707772,
        "Coal": 0,
        "Gas": 0.0,
        "Diesel": 0.0,
        "Nuclear": 0.0
      }
    },
    "VE": {
      "generationMix": {
        "Solar": 0.0,
        "Wind": 0.02841358507743091,
        "Hydro_Embalse": 106.4258422327334,
        "Hydro_Pasada": 0.6288658298047181,
        "Coal": 0,
        "Gas": 0.7426937603681442,
        "Diesel": 0.0,
        "Nuclear": 0.0
      }
    }
  },
  "staticLines": [
    {
      "id": "PA-CR",
      "from": "Panama",
      "to": "Costa Rica",
      "existingCapacity": 300.0,
      "coordinates": {
        "c1": "(9.51102,-84.57103)",
        "c2": "(8.07574,-82.2729)"
      }
    },
    {
      "id": "BR-UY",
      "from": "Brazil",
      "to": "Uruguay",
      "existingCapacity": 570.0,
      "coordinates": {
        "c1": "(-24.26318,-49.54945)",
        "c2": "(-33.02693,-55.40152)"
      }
    },
    {
      "id": "BR-AR",
      "from": "Brazil",
      "to": "Argentina",
      "existingCapacity": 2250.0,
      "coordinates": {
        "c1": "(-24.26318,-49.54945)",
        "c2": "(-31.3157,-66.22498)"
      }
    },
    {
      "id": "PY-AR",
      "from": "Paraguay",
      "to": "Argentina",
      "existingCapacity": 3200.0,
      "coordinates": {
        "c1": "(-23.09956,-57.84811)",