{
  "scenarioParameters": {
    "year": 2035,
    "transmission": "Integrated",
    "sovereignty": "WithoutSovereignty",
    "demand": "ElecPlus",
    "hydroAndean": "Medium",
    "hydroConoSur": "Medium"
  },
  "regional": {
    "generationMix": {
      "Solar": 439.028242336641,
      "Wind": 1327.0398854122573,
      "Hydro_Embalse": 935.750258230461,
      "Hydro_Pasada": 117.39949546523872,
      "Coal": 0.0,
      "Gas": 75.67776205998052,
      "Diesel": 0.04413383002685495,
      "Nuclear": 46.723551014630665
    }
  },
  "countries": {
    "AR": {
      "generationMix": {
        "Solar": 122.6857274411135,
        "Wind": 19.20822842542951,
        "Hydro_Embalse": 23.02023070176964,
        "Hydro_Pasada": 3.683363804284609,
        "Coal": 0,
        "Gas": 8.432309689569452,
        "Diesel": 0.0,
        "Nuclear": 15.22881740277494
      }
    },
    "BO": {
      "generationMix": {
        "Solar": 22.98247452614852,
        "Wind": 116.1328056265651,
        "Hydro_Embalse": 2.572166962454097,
        "Hydro_Pasada": 0.606696371236041,
        "Coal": 0,
        "Gas": 0.3552245601003716,
        "Diesel": 0.0,
        "Nuclear": 0.0
      }
    },
    "BR": {
      "generationMix": {
        "Solar": 59.08536874166663,
        "Wind": 717.8939695115505,
        "Hydro_Embalse": 461.805691995912,
        "Hydro_Pasada": 38.47752681282658,
        "Coal": 0,
        "Gas": 1.752837922240624,
        "Diesel": 0.0,
        "Nuclear": 17.4324
      }
    },
    "BZ": {
      "generationMix": {
        "Solar": 0.02233463466037498,
        "Wind": 1.174537296811151,
        "Hydro_Embalse": 0.2285714285714286,
        "Hydro_Pasada": 0.0342857142857118,
        "Coal": 0,
        "Gas": 0.993566243147391,
        "Diesel": 0.02351650887336783,
        "Nuclear": 0.0
      }
    },
    "CL": {
      "generationMix": {
        "Solar": 27.04203431937697,
        "Wind": 98.68815357011036,
        "Hydro_Embalse": 13.16949986668983,
        "Hydro_Pasada": 6.962510946877948,
        "Coal": 0,
        "Gas": 0.4499079242526003,
        "Diesel": 0.0123,
        "Nuclear": 0.0
      }
    },
    "CO": {
      "generationMix": {
        "Solar": 1.034209733333332,
        "Wind": 40.27424416707107,
        "Hydro_Embalse": 72.12083718013128,
        "Hydro_Pasada": 26.42687086072316,
        "Coal": 0,
        "Gas": 0.0,
        "Diesel": 0.0,
        "Nuclear": 0.0
      }
    },
    "CR": {
      "generationMix": {
        "Solar": 0.1391343436109499,
        "Wind": 9.098766769786153,
        "Hydro_Embalse": 12.24391722838386,
        "Hydro_Pasada": 2.124844333748289,
        "Coal": 0,
        "Gas": 0.0,
        "Diesel": 0.0,
        "Nuclear": 0.0
      }
    },
    "EC": {
      "generationMix": {
        "Solar": 7.067549368501953,
        "Wind": 1.744646901137769,
        "Hydro_Embalse": 30.05010723092925,
        "Hydro_Pasada": 11.65295212816002,
        "Coal": 0,
        "Gas": 0.03746617096065521,
        "Diesel": 0.0,
        "Nuclear": 0.0
      }
    },
    "ES": {
      "generationMix": {
        "Solar": 4.77327019522323,
        "Wind": 0.7960403755924995,
        "Hydro_Embalse": 3.7342125,
        "Hydro_Pasada": 0.8667500878116688,
        "Coal": 0,
        "Gas": 0.01094265822376073,
        "Diesel": 0.0,
        "Nuclear": 0.0
      }
    },
    "FG": {
      "generationMix": {
        "Solar": 0.1304163,
        "Wind": 0.45743445065814,
        "Hydro_Embalse": 0.94608,
        "Hydro_Pasada": 0.0304847999999978,
        "Coal": 0,
        "Gas": 0.0,
        "Diesel": 0.0,
        "Nuclear": 0.0
      }
    },
    "GU": {
      "generationMix": {
        "Solar": 5.505835643696089,
        "Wind": 2.274881780233999,
        "Hydro_Embalse": 7.5492157000391,
        "Hydro_Pasada": 2.106544380097938,
        "Coal": 0,
        "Gas": 0.0,
        "Diesel": 0.0,
        "Nuclear": 0.0
      }
    },
    "GY": {
      "generationMix": {
        "Solar": 0.02247685,
        "Wind": 0.08108243185639058,
        "Hydro_Embalse": 5e-06,
        "Hydro_Pasada": 9.99999999999928e-07,
        "Coal": 0,
        "Gas": 0.0,
        "Diesel": 0.0,
        "Nuclear": 0.0
      }
    },
    "HO": {
      "generationMix": {
        "Solar": 9.512421249624223,
        "Wind": 2.873181544803055,
        "Hydro_Embalse": 5.165352198363665,
        "Hydro_Pasada": 1.677936140134666,
        "Coal": 0,
        "Gas": 0.001121926603270451,
        "Diesel": 0.0,
        "Nuclear": 0.0
      }
    },
    "MX": {
      "generationMix": {
        "Solar": 167.3591089871261,
        "Wind": 205.1689888632536,
        "Hydro_Embalse": 81.53372157080874,
        "Hydro_Pasada": 7.677520216597926,
        "Coal": 0,
        "Gas": 57.86881543461169,
        "Diesel": 0.002828973904072668,
        "Nuclear": 14.06233361185573
      }
    },
    "NI": {
      "generationMix": {
        "Solar": 0.9572858508775598,
        "Wind": 0.6055437782493162,
        "Hydro_Embalse": 0.84096,
        "Hydro_Pasada": 0.2745762711864209,
        "Coal": 0,
        "Gas": 0.0,
        "Diesel": 0.0,
        "Nuclear": 0.0
      }
    },
    "PA": {
      "generationMix": {
        "Solar": 0.9524073499999998,
        "Wind": 4.829846037447079,
        "Hydro_Embalse": 11.28288,
        "Hydro_Pasada": 2.384516129032085,
        "Coal": 0,
        "Gas": 0.0,
        "Diesel": 0.0,
        "Nuclear": 0.0
      }
    },
    "PE": {
      "generationMix": {
        "Solar": 5.565782142865476,
        "Wind": 18.55162519300553,
        "Hydro_Embalse": 25.43783770073449,
        "Hydro_Pasada": 9.64197876261147,
        "Coal": 0,
        "Gas": 5.775569530270722,
        "Diesel": 0.0,
        "Nuclear": 0.0
      }
    },
    "PY": {
      "generationMix": {
        "Solar": 0.0,
        "Wind": 0.0,
        "Hydro_Embalse": 50.54251414073659,
        "Hydro_Pasada": 0.3472784921017149,
        "Coal": 0,
        "Gas": 0.0,
        "Diesel": 0.0,
        "Nuclear": 0.0
      }
    },
    "SU": {
      "generationMix": {
        "Solar": 0.02221914999999999,
        "Wind": 0.8490549572434293,
        "Hydro_Embalse": 1.49796,
        "Hydro_Pasada": 0.01970999999999857,
        "Coal": 0,
        "Gas": 0.0,
        "Diesel": 0.005488347249414455,
        "Nuclear": 0.0
      }
    },
    "UY": {
      "generationMix": {
        "Solar": 0.5557593999999999,
        "Wind": 52.69663797142021,
        "Hydro_Embalse": 6.841236824937002,
        "Hydro_Pasada": 0.194314213522615,
        "Coal": 0,
        "Gas": 0.0,
        "Diesel": 0.0,
        "Nuclear": 0.0
      }
    },
    "VE": {
      "generationMix": {
        "Solar": 3.612426108816009,
        "Wind": 33.64021576003261,
        "Hydro_Embalse": 125.16726,
        "Hydro_Pasada": 2.20883399999984,
        "Coal": 0,
        "Gas": 0.0,
        "Diesel": 0.0,
        "Nuclear": 0.0
      }
    }
  },
  "staticLines": [
    {
      "id": "PA-CR",
      "from": "Panama",
      "to": "Costa Rica",
      "existingCapacity": 300.0,
      "coordinates": {
        "c1": "(9.51102,-84.57103)",
        "c2": "(8.07574,-82.2729)"
      }
    },
    {
      "id": "BR-UY",
      "from": "Brazil",
      "to": "Uruguay",
      "existingCapacity": 570.0,
      "coordinates": {
        "c1": "(-24.26318,-49.54945)",
        "c2": "(-33.02693,-55.40152)"
      }
    },
    {
      "id": "BR-AR",
      "from": "Brazil",
      "to": "Argentina",
      "existingCapacity": 2250.0,
      "coordinates": {
        "c1": "(-24.26318,-49.54945)",
        "c2": "(-31.3157,-66.22498)"
      }
    },
    {
      "id": "PY-AR",
      "from": "Paraguay",
      "to": "Argentina",
      "existingCapacity": 3200.0,
      "coordinates": {
        "c1": "(-23.09956,-57.84811)",
        "c2": "(-31.3157,-66.22498)"
      }
    },
    {
      "id": "UY-AR",
      "from": "Uruguay",
      "to": "Argentina",
      "existingCapacity": 3990.0,
      "coordinates": {
        "c1": "(-33.02693,-55.40152)",