{
  "regional": {
    "totalCost": 54103.14701983317,
    "totalInvestment": 52797.725754932406,
    "operationCost": 1305.4212649007652,
    "totalEmissions": 33.02988451174243,
    "geopoliticalCost": -1924.6212318780308
  },
  "countries": {
    "Panama": {
      "lossToTrust": 0,
      "lossToNotTrust": 0,
      "operationCost": 0.0,
      "energyBalance": {
        "imports": 0.0,
        "exports": -1480.2370541971036
      },
      "totalEmissions": 0.0
    },
    "Brazil": {
      "lossToTrust": 0,
      "lossToNotTrust": 0,
      "operationCost": 23.986203146450638,
      "energyBalance": {
        "imports": 0.0,
        "exports": 19156.36611043951
      },
      "totalEmissions": 0.0
    },
    "Paraguay": {
      "lossToTrust": 0,
      "lossToNotTrust": 0,
      "operationCost": 0.0,
      "energyBalance": {
        "imports": 0.0,
        "exports": -730.8979337620658
      },
      "totalEmissions": 0.0
    },
    "Uruguay": {
      "lossToTrust": 0,
      "lossToNotTrust": 0,
      "operationCost": 0.0,
      "energyBalance": {
        "imports": 681.3506106733652,
        "exports": 6954.09233944487
      },
      "totalEmissions": 0.0
    },
    "Argentina": {
      "lossToTrust": 0,
      "lossToNotTrust": 0,
      "operationCost": 115.38950101516092,
      "energyBalance": {
        "imports": 18482.013128713985,
        "exports": 153.95618016076529
      },
      "totalEmissions": 0.0
    },
    "Peru": {
      "lossToTrust": 0,
      "lossToNotTrust": 0,
      "operationCost": 79.03410936159936,
      "energyBalance": {
        "imports": 0.0,
        "exports": -14030.387089826772
      },
      "totalEmissions": 0.0
    },
    "Chile": {
      "lossToTrust": 0,
      "lossToNotTrust": 0,
      "operationCost": 8.680324221397326,
      "energyBalance": {
        "imports": 138.9469889374384,
        "exports": -2605.776118661394
      },
      "totalEmissions": 0.0
    },
    "Ecuador": {
      "lossToTrust": 0,
      "lossToNotTrust": 0,
      "operationCost": 0.6818843114839248,
      "energyBalance": {
        "imports": 4407.367360722309,
        "exports": -1264.9301988497443
      },
      "totalEmissions": 0.0
    },
    "Colombia": {
      "lossToTrust": 0,
      "lossToNotTrust": 0,
      "operationCost": 0.0,
      "energyBalance": {
        "imports": 16329.144065920236,
        "exports": -20694.570405224877
      },
      "totalEmissions": 0.0
    },
    "Bolivia": {
      "lossToTrust": 0,
      "lossToNotTrust": 0,
      "operationCost": 4.860967664531399,
      "energyBalance": {
        "imports": 23294.06187918764,
        "exports": 0.0
      },
      "totalEmissions": 0.0
    },
    "Venezuela": {
      "lossToTrust": 0,
      "lossToNotTrust": 0,
      "operationCost": 0.0,
      "energyBalance": {
        "imports": 11387.24210220543,
        "exports": 0.0
      },
      "totalEmissions": 0.0
    },
    "Mexico": {
      "lossToTrust": 0,
      "lossToNotTrust": 0,
      "operationCost": 1053.3255998660957,
      "energyBalance": {
        "imports": 0.0,
        "exports": -7991.918276864939
      },
      "totalEmissions": 0.0
    },
    "Belize": {
      "lossToTrust": 0,
      "lossToNotTrust": 0,
      "operationCost": 19.023565980217224,
      "energyBalance": {
        "imports": 0.0,
        "exports": 0.0
      },
      "totalEmissions": 0.0
    },
    "Honduras": {
      "lossToTrust": 0,
      "lossToNotTrust": 0,
      "operationCost": 0.02041906417952221,
      "energyBalance": {
        "imports": 0.0,
        "exports": -2032.1018037974748
      },
      "totalEmissions": 0.0
    },
    "Nicaragua": {
      "lossToTrust": 0,
      "lossToNotTrust": 0,
      "operationCost": 0.0,
      "energyBalance": {
        "imports": 12533.82601902233,
        "exports": -14107.04968821048
      },
      "totalEmissions": 0.0
    },
    "Guatemala": {
      "lossToTrust": 0,
      "lossToNotTrust": 0,
      "operationCost": 0.0,
      "energyBalance": {
        "imports": 7991.918276864939,
        "exports": -9884.147158417882
      },
      "totalEmissions": 0.0
    },
    "El Salvador": {
      "lossToTrust": 0,
      "lossToNotTrust": 0,
      "operationCost": 0.1991563796724453,
      "energyBalance": {
        "imports": 617.5770568069729,
        "exports": 0.0
      },
      "totalEmissions": 0.0
    },
    "Costa Rica": {
      "lossToTrust": 0,
      "lossToNotTrust": 0,
      "operationCost": 0.0,
      "energyBalance": {
        "imports": 523.0728753370921,
        "exports": 0.0
      },
      "totalEmissions": 0.0
    },
    "French Guiana": {
      "lossToTrust": 0,
      "lossToNotTrust": 0,
      "operationCost": 0.0,
      "energyBalance": {
        "imports": 184.30999101897063,
        "exports": 86.91757593900014
      },
      "totalEmissions": 0.0
    },
    "Suriname": {
      "lossToTrust": 0,
      "lossToNotTrust": 0,
      "operationCost": 0.21953388997657816,
      "energyBalance": {
        "imports": 86.91757593900014,
        "exports": -311.1351254825068
      },
      "totalEmissions": 0.0
    },
    "Guyana": {
      "lossToTrust": 0,
      "lossToNotTrust": 0,
      "operationCost": 0.0,
      "energyBalance": {
        "imports": 319.55905763614123,
        "exports": 0.0
      },
      "totalEmissions": 0.0
    }
  }
}