{
  "regional": {
    "totalCost": 69006.26654327629,
    "totalInvestment": 67792.96563822398,
    "operationCost": 1213.3009050523167,
    "totalEmissions": 29.562377210790807,
    "geopoliticalCost": 2286.0086824300524
  },
  "countries": {
    "Panama": {
      "lossToTrust": 0,
      "lossToNotTrust": 0,
      "operationCost": 0.0,
      "energyBalance": {
        "imports": 0.0,
        "exports": -1492.229069800433
      },
      "totalEmissions": 0.0
    },
    "Brazil": {
      "lossToTrust": 0,
      "lossToNotTrust": 0,
      "operationCost": 5.216504734514335,
      "energyBalance": {
        "imports": 0.0,
        "exports": -19057.62904529624
      },
      "totalEmissions": 0.0
    },
    "Paraguay": {
      "lossToTrust": 0,
      "lossToNotTrust": 0,
      "operationCost": 0.0,
      "energyBalance": {
        "imports": 21.20278499163082,
        "exports": -782.0273276505364
      },
      "totalEmissions": 0.0
    },
    "Uruguay": {
      "lossToTrust": 0,
      "lossToNotTrust": 0,
      "operationCost": 0.0,
      "energyBalance": {
        "imports": 26686.858023540935,
        "exports": 13709.770716964167
      },
      "totalEmissions": 0.0
    },
    "Argentina": {
      "lossToTrust": 0,
      "lossToNotTrust": 0,
      "operationCost": 15.632811547158932,
      "energyBalance": {
        "imports": 10617.486610458789,
        "exports": 1064.5527473400114
      },
      "totalEmissions": 0.0
    },
    "Peru": {
      "lossToTrust": 0,
      "lossToNotTrust": 0,
      "operationCost": 40.918270393916586,
      "energyBalance": {
        "imports": 0.0,
        "exports": -12444.424836151273
      },
      "totalEmissions": 0.0
    },
    "Chile": {
      "lossToTrust": 0,
      "lossToNotTrust": 0,
      "operationCost": 2.393333660655088,
      "energyBalance": {
        "imports": 800.7156709824187,
        "exports": -1058.2651113837335
      },
      "totalEmissions": 0.0
    },
    "Ecuador": {
      "lossToTrust": 0,
      "lossToNotTrust": 0,
      "operationCost": 0.13265871454178513,
      "energyBalance": {
        "imports": 3602.69256187078,
        "exports": -1836.5950747623124
      },
      "totalEmissions": 0.0
    },
    "Colombia": {
      "lossToTrust": 0,
      "lossToNotTrust": 0,
      "operationCost": 0.0,
      "energyBalance": {
        "imports": 14663.742519394757,
        "exports": -22038.00527654907
      },
      "totalEmissions": 0.0
    },
    "Bolivia": {
      "lossToTrust": 0,
      "lossToNotTrust": 0,
      "operationCost": 1.7175599921397888,
      "energyBalance": {
        "imports": 17403.83534687226,
        "exports": 0.0
      },
      "totalEmissions": 0.0
    },
    "Venezuela": {
      "lossToTrust": 0,
      "lossToNotTrust": 0,
      "operationCost": 0.0,
      "energyBalance": {
        "imports": 10413.571391508349,
        "exports": 0.0
      },
      "totalEmissions": 0.0
    },
    "Mexico": {
      "lossToTrust": 0,
      "lossToNotTrust": 0,
      "operationCost": 1128.1518301686099,
      "energyBalance": {
        "imports": 0.0,
        "exports": -8273.142027762164
      },
      "totalEmissions": 0.0
    },
    "Belize": {
      "lossToTrust": 0,
      "lossToNotTrust": 0,
      "operationCost": 18.77596404378277,
      "energyBalance": {
        "imports": 0.0,
        "exports": 0.0
      },
      "totalEmissions": 0.0
    },
    "Honduras": {
      "lossToTrust": 0,
      "lossToNotTrust": 0,
      "operationCost": 0.0182,
      "energyBalance": {
        "imports": 0.0,
        "exports": -1269.708382604099
      },
      "totalEmissions": 0.0
    },
    "Nicaragua": {
      "lossToTrust": 0,
      "lossToNotTrust": 0,
      "operationCost": 0.0,
      "energyBalance": {
        "imports": 11191.957557255526,
        "exports": -11773.788578144102
      },
      "totalEmissions": 0.0
    },
    "Guatemala": {
      "lossToTrust": 0,
      "lossToNotTrust": 0,
      "operationCost": 0.0,
      "energyBalance": {
        "imports": 8273.142027762164,
        "exports": -9345.884567164496
      },
      "totalEmissions": 0.0
    },
    "El Salvador": {
      "lossToTrust": 0,
      "lossToNotTrust": 0,
      "operationCost": 0.19731828511405072,
      "energyBalance": {
        "imports": 576.3646074869298,
        "exports": 0.0
      },
      "totalEmissions": 0.0
    },
    "Costa Rica": {
      "lossToTrust": 0,
      "lossToNotTrust": 0,
      "operationCost": 0.0,
      "energyBalance": {
        "imports": 438.8702033120894,
        "exports": 0.0
      },
      "totalEmissions": 0.0
    },
    "French Guiana": {
      "lossToTrust": 0,
      "lossToNotTrust": 0,
      "operationCost": 0.0,
      "energyBalance": {
        "imports": 89.22826792016868,
        "exports": 216.0842931237355
      },
      "totalEmissions": 0.0
    },
    "Suriname": {
      "lossToTrust": 0,
      "lossToNotTrust": 0,
      "operationCost": 0.1464535118836522,
      "energyBalance": {
        "imports": 216.0842931237355,
        "exports": -48.78301729971686
      },
      "totalEmissions": 0.0
    },
    "Guyana": {
      "lossToTrust": 0,
      "lossToNotTrust": 0,
      "operationCost": 0.0,
      "energyBalance": {
        "imports": 319.5590576362102,
        "exports": 0.0
      },
      "totalEmissions": 0.0
    }
  }
}