{
  "regional": {
    "totalCost": 54025.882617234725,
    "totalInvestment": 50597.15988382028,
    "operationCost": 3428.722733414447,
    "totalEmissions": 93.35769800732697,
    "geopoliticalCost": 7133.451181509765
  },
  "countries": {
    "Panama": {
      "lossToTrust": 0,
      "lossToNotTrust": 0,
      "operationCost": 103.86332036635386,
      "energyBalance": {
        "imports": 0.0,
        "exports": -45.702317184792165
      },
      "totalEmissions": 0.0
    },
    "Brazil": {
      "lossToTrust": 0,
      "lossToNotTrust": 0,
      "operationCost": 48.31018846315563,
      "energyBalance": {
        "imports": 0.0,
        "exports": 1705.9042634278576
      },
      "totalEmissions": 0.0
    },
    "Paraguay": {
      "lossToTrust": 0,
      "lossToNotTrust": 0,
      "operationCost": 0.0,
      "energyBalance": {
        "imports": 0.0,
        "exports": 3590.3119173523605
      },
      "totalEmissions": 0.0
    },
    "Uruguay": {
      "lossToTrust": 0,
      "lossToNotTrust": 0,
      "operationCost": 0.0,
      "energyBalance": {
        "imports": 95.99616533165516,
        "exports": 3469.6314197232678
      },
      "totalEmissions": 0.0
    },
    "Argentina": {
      "lossToTrust": 0,
      "lossToNotTrust": 0,
      "operationCost": 480.5473566272393,
      "energyBalance": {
        "imports": 8669.851435171831,
        "exports": -111.71611866712898
      },
      "totalEmissions": 0.0
    },
    "Peru": {
      "lossToTrust": 0,
      "lossToNotTrust": 0,
      "operationCost": 906.2633536870063,
      "energyBalance": {
        "imports": 0.0,
        "exports": 86.21133224491678
      },
      "totalEmissions": 0.0
    },
    "Chile": {
      "lossToTrust": 0,
      "lossToNotTrust": 0,
      "operationCost": 65.37614596264216,
      "energyBalance": {
        "imports": 55.3602994065629,
        "exports": 0.0
      },
      "totalEmissions": 0.0
    },
    "Ecuador": {
      "lossToTrust": 0,
      "lossToNotTrust": 0,
      "operationCost": 50.53538649358265,
      "energyBalance": {
        "imports": 86.21133224491678,
        "exports": -370.77759922685203
      },
      "totalEmissions": 0.0
    },
    "Colombia": {
      "lossToTrust": 0,
      "lossToNotTrust": 0,
      "operationCost": 98.92013785015374,
      "energyBalance": {
        "imports": 370.77759922685203,
        "exports": -5.482736826185508
      },
      "totalEmissions": 0.0
    },
    "Bolivia": {
      "lossToTrust": 0,
      "lossToNotTrust": 0,
      "operationCost": 25.04512918906365,
      "energyBalance": {
        "imports": 56.35581926056607,
        "exports": 0.0
      },
      "totalEmissions": 0.0
    },
    "Venezuela": {
      "lossToTrust": 0,
      "lossToNotTrust": 0,
      "operationCost": 13.52402316988926,
      "energyBalance": {
        "imports": 5.482736826185508,
        "exports": 0.0
      },
      "totalEmissions": 0.0
    },
    "Mexico": {
      "lossToTrust": 0,
      "lossToNotTrust": 0,
      "operationCost": 1336.5671531085136,
      "energyBalance": {
        "imports": 0.0,
        "exports": 125.40964688027324
      },
      "totalEmissions": 0.0
    },
    "Belize": {
      "lossToTrust": 0,
      "lossToNotTrust": 0,
      "operationCost": 18.77596404378277,
      "energyBalance": {
        "imports": 0.0,
        "exports": 0.0
      },
      "totalEmissions": 0.0
    },
    "Honduras": {
      "lossToTrust": 0,
      "lossToNotTrust": 0,
      "operationCost": 75.70328808415485,
      "energyBalance": {
        "imports": 0.0,
        "exports": -148.1619796965549
      },
      "totalEmissions": 0.0
    },
    "Nicaragua": {
      "lossToTrust": 0,
      "lossToNotTrust": 0,
      "operationCost": 39.81485084867269,
      "energyBalance": {
        "imports": 8.014751213441626,
        "exports": -126.08919858033008
      },
      "totalEmissions": 0.0
    },
    "Guatemala": {
      "lossToTrust": 0,
      "lossToNotTrust": 0,
      "operationCost": 36.17874011587666,
      "energyBalance": {
        "imports": 125.40964688027324,
        "exports": -4.829420915942598
      },
      "totalEmissions": 0.0
    },
    "El Salvador": {
      "lossToTrust": 0,
      "lossToNotTrust": 0,
      "operationCost": 21.29794784526359,
      "energyBalance": {
        "imports": 144.9766493990559,
        "exports": 0.0
      },
      "totalEmissions": 0.0
    },
    "Costa Rica": {
      "lossToTrust": 0,
      "lossToNotTrust": 0,
      "operationCost": 50.845304253160364,
      "energyBalance": {
        "imports": 171.79151576512223,
        "exports": 0.0
      },
      "totalEmissions": 0.0
    },
    "French Guiana": {
      "lossToTrust": 0,
      "lossToNotTrust": 0,
      "operationCost": 6.303917068723204,
      "energyBalance": {
        "imports": 0.0,
        "exports": 0.0
      },
      "totalEmissions": 0.0
    },
    "Suriname": {
      "lossToTrust": 0,
      "lossToNotTrust": 0,
      "operationCost": 21.450663991792766,
      "energyBalance": {
        "imports": 0.0,
        "exports": 0.0
      },
      "totalEmissions": 0.0
    },
    "Guyana": {
      "lossToTrust": 0,
      "lossToNotTrust": 0,
      "operationCost": 29.399862245419964,
      "energyBalance": {
        "imports": 0.0,
        "exports": 0.0
      },
      "totalEmissions": 0.0
    }
  }
}