{
  "scenarioParameters": {
    "year": 2035,
    "transmission": "Integrated",
    "sovereignty": "WithoutSovereignty",
    "demand": "ElecPlus",
    "hydroAndean": "Low",
    "hydroConoSur": "High"
  },
  "regional": {
    "generationMix": {
      "Solar": 346.8497610310663,
      "Wind": 1237.0119884400008,
      "Hydro_Embalse": 1122.4880252802627,
      "Hydro_Pasada": 113.83903684923571,
      "Coal": 0.0,
      "Gas": 78.46289859614198,
      "Diesel": 0.03747222904922666,
      "Nuclear": 44.918658744305645
    }
  },
  "countries": {
    "AR": {
      "generationMix": {
        "Solar": 3.38865470678887,
        "Wind": 19.25745587411186,
        "Hydro_Embalse": 23.02023070176963,
        "Hydro_Pasada": 3.708581688344234,
        "Coal": 0,
        "Gas": 17.59085356934866,
        "Diesel": 0.0,
        "Nuclear": 15.33
      }
    },
    "BO": {
      "generationMix": {
        "Solar": 47.1239184001775,
        "Wind": 84.51329280473962,
        "Hydro_Embalse": 2.572166962454097,
        "Hydro_Pasada": 0.6073790466212995,
        "Coal": 0,
        "Gas": 0.5689870027258357,
        "Diesel": 0.0,
        "Nuclear": 0.0
      }
    },
    "BR": {
      "generationMix": {
        "Solar": 59.08536874166663,
        "Wind": 676.9907576638351,
        "Hydro_Embalse": 692.7085379938675,
        "Hydro_Pasada": 57.71629021923986,
        "Coal": 0,
        "Gas": 3.372256042624497,
        "Diesel": 0.0,
        "Nuclear": 17.4324
      }
    },
    "BZ": {
      "generationMix": {
        "Solar": 0.02142659534629644,
        "Wind": 1.179388315325703,
        "Hydro_Embalse": 0.2285714285714286,
        "Hydro_Pasada": 0.03117823948470733,
        "Coal": 0,
        "Gas": 0.993566243147391,
        "Diesel": 0.02351650887336783,
        "Nuclear": 0.0
      }
    },
    "CL": {
      "generationMix": {
        "Solar": 36.12424210810633,
        "Wind": 99.23594910838686,
        "Hydro_Embalse": 13.16949986668984,
        "Hydro_Pasada": 6.952451439921119,
        "Coal": 0,
        "Gas": 0.2030895524638046,
        "Diesel": 0.009400335603978254,
        "Nuclear": 0.0
      }
    },
    "CO": {
      "generationMix": {
        "Solar": 1.034209733333332,
        "Wind": 40.27424416707107,
        "Hydro_Embalse": 31.06134967140217,
        "Hydro_Pasada": 11.48460077382656,
        "Coal": 0,
        "Gas": 0.0,
        "Diesel": 0.0,
        "Nuclear": 0.0
      }
    },
    "CR": {
      "generationMix": {
        "Solar": 0.1396772756934499,
        "Wind": 9.098766769786153,
        "Hydro_Embalse": 12.24648,
        "Hydro_Pasada": 2.127272727272573,
        "Coal": 0,
        "Gas": 0.0,
        "Diesel": 0.0,
        "Nuclear": 0.0
      }
    },
    "EC": {
      "generationMix": {
        "Solar": 7.85722231990627,
        "Wind": 1.744646901137769,
        "Hydro_Embalse": 12.04086391575324,
        "Hydro_Pasada": 4.655700477438264,
        "Coal": 0,
        "Gas": 0.02349535871110372,
        "Diesel": 0.0,
        "Nuclear": 0.0
      }
    },
    "ES": {
      "generationMix": {
        "Solar": 8.851702040017072,
        "Wind": 0.8020241844833328,
        "Hydro_Embalse": 3.7449,
        "Hydro_Pasada": 0.8692307692307064,
        "Coal": 0,
        "Gas": 0.0019,
        "Diesel": 0.0,
        "Nuclear": 0.0
      }
    },
    "FG": {
      "generationMix": {
        "Solar": 0.1304163,
        "Wind": 0.2170245936641453,
        "Hydro_Embalse": 0.94608,
        "Hydro_Pasada": 0.0304847999999978,
        "Coal": 0,
        "Gas": 0.0,
        "Diesel": 0.0,
        "Nuclear": 0.0
      }
    },
    "GU": {
      "generationMix": {
        "Solar": 2.172405766052284,
        "Wind": 2.274881780233999,
        "Hydro_Embalse": 7.564260000000001,
        "Hydro_Pasada": 2.116666666666514,
        "Coal": 0,
        "Gas": 0.0,
        "Diesel": 0.0,
        "Nuclear": 0.0
      }
    },
    "GY": {
      "generationMix": {
        "Solar": 0.02247685,
        "Wind": 0.08108243185639058,
        "Hydro_Embalse": 5e-06,
        "Hydro_Pasada": 9.99999999999928e-07,
        "Coal": 0,
        "Gas": 0.0,
        "Diesel": 0.0,
        "Nuclear": 0.0
      }
    },
    "HO": {
      "generationMix": {
        "Solar": 1.183735636999874,
        "Wind": 2.876170381248549,
        "Hydro_Embalse": 5.18154,
        "Hydro_Pasada": 1.684210526315668,
        "Coal": 0,
        "Gas": 0.00025,
        "Diesel": 0.0,
        "Nuclear": 0.0
      }
    },
    "MX": {
      "generationMix": {
        "Solar": 177.3318205721393,
        "Wind": 213.2290967204426,
        "Hydro_Embalse": 73.62065478707856,
        "Hydro_Pasada": 6.608963507757225,
        "Coal": 0,
        "Gas": 47.20651099310167,
        "Diesel": 0.0,
        "Nuclear": 12.15625874430565
      }
    },
    "NI": {
      "generationMix": {
        "Solar": 0.04320403483908568,
        "Wind": 0.6055437782493162,
        "Hydro_Embalse": 0.84096,
        "Hydro_Pasada": 0.2745762711864209,
        "Coal": 0,
        "Gas": 0.0,
        "Diesel": 0.0,
        "Nuclear": 0.0
      }
    },
    "PA": {
      "generationMix": {
        "Solar": 0.9524073499999998,
        "Wind": 4.829846037447079,
        "Hydro_Embalse": 11.28288,
        "Hydro_Pasada": 2.384516129032085,
        "Coal": 0,
        "Gas": 0.0019,
        "Diesel": 0.0,
        "Nuclear": 0.0
      }
    },
    "PE": {
      "generationMix": {
        "Solar": 0.8101043499999994,
        "Wind": 18.55162519300553,
        "Hydro_Embalse": 25.43783770073449,
        "Hydro_Pasada": 9.64197876261147,
        "Coal": 0,
        "Gas": 8.500089834019022,
        "Diesel": 0.0,
        "Nuclear": 0.0
      }
    },
    "PY": {
      "generationMix": {
        "Solar": 0.0,
        "Wind": 0.0,
        "Hydro_Embalse": 73.31475042700481,
        "Hydro_Pasada": 0.5140313191163851,
        "Coal": 0,
        "Gas": 0.0,
        "Diesel": 0.0,
        "Nuclear": 0.0
      }
    },
    "SU": {
      "generationMix": {
        "Solar": 0.02221914999999999,
        "Wind": 0.3893866516062096,
        "Hydro_Embalse": 1.49796,
        "Hydro_Pasada": 0.01970999999999857,
        "Coal": 0,
        "Gas": 0.0,
        "Diesel": 0.004555384571880571,
        "Nuclear": 0.0
      }
    },
    "UY": {
      "generationMix": {
        "Solar": 0.5545490999999999,
        "Wind": 27.220589323337,
        "Hydro_Embalse": 6.841236824937004,
        "Hydro_Pasada": 0.2023784851707772,
        "Coal": 0,
        "Gas": 0.0,
        "Diesel": 0.0,
        "Nuclear": 0.0
      }
    },
    "VE": {
      "generationMix": {
        "Solar": 0.0,
        "Wind": 33.64021576003261,
        "Hydro_Embalse": 125.16726,
        "Hydro_Pasada": 2.20883399999984,
        "Coal": 0,
        "Gas": 0.0,
        "Diesel": 0.0,
        "Nuclear": 0.0
      }
    }
  },
  "staticLines": [
    {
      "id": "PA-CR",
      "from": "Panama",
      "to": "Costa Rica",
      "existingCapacity": 300.0,
      "coordinates": {
        "c1": "(9.51102,-84.57103)",
        "c2": "(8.07574,-82.2729)"
      }
    },
    {
      "id": "BR-UY",
      "from": "Brazil",
      "to": "Uruguay",
      "existingCapacity": 570.0,
      "coordinates": {
        "c1": "(-24.26318,-49.54945)",
        "c2": "(-33.02693,-55.40152)"
      }
    },
    {
      "id": "BR-AR",
      "from": "Brazil",
      "to": "Argentina",
      "existingCapacity": 2250.0,
      "coordinates": {
        "c1": "(-24.26318,-49.54945)",
        "c2": "(-31.3157,-66.22498)"
      }
    },
    {
      "id": "PY-AR",
      "from": "Paraguay",
      "to": "Argentina",
      "existingCapacity": 3200.0,
      "coordinates": {
        "c1": "(-23.09956,-57.84811)",
        "c2": "(-31.3157,-66.22498)"
      }
    },
    {
      "id": "UY-AR",
      "from": "Uruguay",
      "to": "Argentina",
      "existingCapacity": 3990.0,
      "coordinates": {
        "c1": "(-33.02693,-55.40152)",
        "c2": "(-31.3157,-66.22498)"
      }
    },
    {
      "id": "AR-CL",