{
  "scenarioParameters": {
    "year": 2035,
    "transmission": "Integrated",
    "sovereignty": "WithSovereignty",
    "demand": "ElecPlus",
    "hydroAndean": "High",
    "hydroConoSur": "High"
  },
  "regional": {
    "generationMix": {
      "Solar": 406.15051261098165,
      "Wind": 1096.6579243735212,
      "Hydro_Embalse": 1186.7186937673753,
      "Hydro_Pasada": 136.53059029712773,
      "Coal": 0.0,
      "Gas": 77.12150802479509,
      "Diesel": 0.03331789844504055,
      "Nuclear": 46.03391746117458
    }
  },
  "countries": {
    "AR": {
      "generationMix": {
        "Solar": 113.3877257095953,
        "Wind": 19.25745587411186,
        "Hydro_Embalse": 23.02023070176963,
        "Hydro_Pasada": 3.708581688344234,
        "Coal": 0,
        "Gas": 8.038701257820941,
        "Diesel": 0.0,
        "Nuclear": 15.33
      }
    },
    "BO": {
      "generationMix": {
        "Solar": 0.475472599664515,
        "Wind": 39.93827337845573,
        "Hydro_Embalse": 2.572166962454097,
        "Hydro_Pasada": 0.6236212482769303,
        "Coal": 0,
        "Gas": 0.6573954338606394,
        "Diesel": 0.0,
        "Nuclear": 0.0
      }
    },
    "BR": {
      "generationMix": {
        "Solar": 59.08536874166663,
        "Wind": 615.6568363181813,
        "Hydro_Embalse": 692.7085379938676,
        "Hydro_Pasada": 57.71629021923986,
        "Coal": 0,
        "Gas": 3.988999938007558,
        "Diesel": 0.0,
        "Nuclear": 17.4324
      }
    },
    "BZ": {
      "generationMix": {
        "Solar": 0.02158762464881519,
        "Wind": 1.185556890769418,
        "Hydro_Embalse": 0.2285714285714286,
        "Hydro_Pasada": 0.03161169063746296,
        "Coal": 0,
        "Gas": 0.9954718796133949,
        "Diesel": 0.01645939587047462,
        "Nuclear": 0.0
      }
    },
    "CL": {
      "generationMix": {
        "Solar": 32.01441868643885,
        "Wind": 99.23594910838686,
        "Hydro_Embalse": 13.16949986668982,
        "Hydro_Pasada": 7.09323101776423,
        "Coal": 0,
        "Gas": 0.2649730175972673,
        "Diesel": 0.01178013739200989,
        "Nuclear": 0.0
      }
    },
    "CO": {
      "generationMix": {
        "Solar": 1.034209733333332,
        "Wind": 40.27424416707107,
        "Hydro_Embalse": 72.12083718013128,
        "Hydro_Pasada": 26.42687086072316,
        "Coal": 0,
        "Gas": 0.0,
        "Diesel": 0.0,
        "Nuclear": 0.0
      }
    },
    "CR": {
      "generationMix": {
        "Solar": 0.1396772756934499,
        "Wind": 9.098766769786153,
        "Hydro_Embalse": 12.24648,
        "Hydro_Pasada": 2.127272727272573,
        "Coal": 0,
        "Gas": 0.0,
        "Diesel": 0.0,
        "Nuclear": 0.0
      }
    },
    "EC": {
      "generationMix": {
        "Solar": 16.71544503457762,
        "Wind": 1.744646901137769,
        "Hydro_Embalse": 30.05010723092925,
        "Hydro_Pasada": 11.65295212816002,
        "Coal": 0,
        "Gas": 0.0174214717727273,
        "Diesel": 0.0,
        "Nuclear": 0.0
      }
    },
    "ES": {
      "generationMix": {
        "Solar": 5.262909778395772,
        "Wind": 0.8020241844833328,
        "Hydro_Embalse": 3.7449,
        "Hydro_Pasada": 0.8692307692307064,
        "Coal": 0,
        "Gas": 0.0,
        "Diesel": 0.0,
        "Nuclear": 0.0
      }
    },
    "FG": {
      "generationMix": {
        "Solar": 0.1304163,
        "Wind": 0.563264235204831,
        "Hydro_Embalse": 0.94608,
        "Hydro_Pasada": 0.0304847999999978,
        "Coal": 0,
        "Gas": 0.0,
        "Diesel": 0.0,
        "Nuclear": 0.0
      }
    },
    "GU": {
      "generationMix": {
        "Solar": 7.730294865454693,
        "Wind": 2.274881780233999,
        "Hydro_Embalse": 7.564260000000001,
        "Hydro_Pasada": 2.116666666666514,
        "Coal": 0,
        "Gas": 0.0,
        "Diesel": 0.0,
        "Nuclear": 0.0
      }
    },
    "GY": {
      "generationMix": {
        "Solar": 0.02247685,
        "Wind": 0.0,
        "Hydro_Embalse": 5e-06,
        "Hydro_Pasada": 9.99999999999928e-07,
        "Coal": 0,
        "Gas": 0.0,
        "Diesel": 0.0,
        "Nuclear": 0.0
      }
    },
    "HO": {
      "generationMix": {
        "Solar": 14.48792404850037,
        "Wind": 2.876170381248549,
        "Hydro_Embalse": 5.18154,
        "Hydro_Pasada": 1.684210526315668,
        "Coal": 0,
        "Gas": 0.0,
        "Diesel": 0.0,
        "Nuclear": 0.0
      }
    },
    "MX": {
      "generationMix": {
        "Solar": 147.5948113504618,
        "Wind": 214.8536247450424,
        "Hydro_Embalse": 78.79165030303578,
        "Hydro_Pasada": 7.212211604027763,
        "Coal": 0,
        "Gas": 53.92952193649582,
        "Diesel": 0.001298991291429699,
        "Nuclear": 13.27151746117458
      }
    },
    "NI": {
      "generationMix": {
        "Solar": 1.976778855267702,
        "Wind": 0.6055437782493162,
        "Hydro_Embalse": 0.84096,
        "Hydro_Pasada": 0.2745762711864209,
        "Coal": 0,
        "Gas": 0.0,
        "Diesel": 0.0,
        "Nuclear": 0.0
      }
    },
    "PA": {
      "generationMix": {
        "Solar": 0.9524073499999998,
        "Wind": 4.829846037447079,
        "Hydro_Embalse": 11.28288,
        "Hydro_Pasada": 2.384516129032085,
        "Coal": 0,
        "Gas": 0.0,
        "Diesel": 0.0,
        "Nuclear": 0.0
      }
    },
    "PE": {
      "generationMix": {
        "Solar": 4.539556457282732,
        "Wind": 18.55162519300553,
        "Hydro_Embalse": 25.43783770073449,
        "Hydro_Pasada": 9.64197876261147,
        "Coal": 0,
        "Gas": 9.22902308962674,
        "Diesel": 0.0,
        "Nuclear": 0.0
      }
    },
    "PY": {
      "generationMix": {
        "Solar": 0.0,
        "Wind": 0.0,
        "Hydro_Embalse": 73.30569257425526,
        "Hydro_Pasada": 0.5053597024679836,
        "Coal": 0,
        "Gas": 0.0,
        "Diesel": 0.0,
        "Nuclear": 0.0
      }
    },
    "SU": {
      "generationMix": {
        "Solar": 0.02221914999999999,
        "Wind": 0.7910899339673364,
        "Hydro_Embalse": 1.49796,
        "Hydro_Pasada": 0.01970999999999857,
        "Coal": 0,
        "Gas": 0.0,
        "Diesel": 0.003779373891126343,
        "Nuclear": 0.0
      }
    },
    "UY": {
      "generationMix": {
        "Solar": 0.5568121999999999,
        "Wind": 23.9840999327546,
        "Hydro_Embalse": 6.841236824937004,
        "Hydro_Pasada": 0.2023784851707772,
        "Coal": 0,
        "Gas": 0.0,
        "Diesel": 0.0,
        "Nuclear": 0.0
      }
    },
    "VE": {
      "generationMix": {
        "Solar": 0.0,
        "Wind": 0.1340247639841936,
        "Hydro_Embalse": 125.16726,
        "Hydro_Pasada": 2.20883399999984,
        "Coal": 0,
        "Gas": 0.0,
        "Diesel": 0.0,
        "Nuclear": 0.0
      }
    }
  },
  "staticLines": [
    {
      "id": "PA-CR",
      "from": "Panama",
      "to": "Costa Rica",
      "existingCapacity": 300.0,
      "coordinates": {
        "c1": "(9.51102,-84.57103)",
        "c2": "(8.07574,-82.2729)"
      }
    },
    {
      "id": "BR-UY",
      "from": "Brazil",
      "to": "Uruguay",
      "existingCapacity": 570.0,
      "coordinates": {
        "c1": "(-24.26318,-49.54945)",
        "c2": "(-33.02693,-55.40152)"
      }
    },
    {
      "id": "BR-AR",
      "from": "Brazil",
      "to": "Argentina",
      "existingCapacity": 2250.0,
      "coordinates": {
        "c1": "(-24.26318,-49.54945)",
        "c2": "(-31.3157,-66.22498)"
      }
    },
    {
      "id": "PY-AR",
      "from": "Paraguay",
      "to": "Argentina",
      "existingCapacity": 3200.0,
      "coordinates": {
        "c1": "(-23.09956,-57.84811)",
        "c2": "(-31.3157,-66.22498)"
      }
    },
    {
      "id": "UY-AR",
      "from": "Uruguay",
      "to": "Argentina",
      "existingCapacity": 3990.0,
      "coordinates": {
        "c1": "(-33.02693,-55.40152)",
        "c2": "(-31.3157,-66.22498)"
      }
    },
    {
      "id": "AR-CL",
      "from": "Argentina",