{
  "scenarioParameters": {
    "year": 2035,
    "transmission": "Isolated",
    "sovereignty": "WithSovereignty",
    "demand": "ElecPlus",
    "hydroAndean": "Low",
    "hydroConoSur": "Low"
  },
  "regional": {
    "generationMix": {
      "Solar": 827.750221815157,
      "Wind": 1139.6591030978184,
      "Hydro_Embalse": 647.9819937667608,
      "Hydro_Pasada": 68.86119115429238,
      "Coal": 0.0,
      "Gas": 241.9774541008058,
      "Diesel": 0.7507422406848326,
      "Nuclear": 38.8804381384614
    }
  },
  "countries": {
    "AR": {
      "generationMix": {
        "Solar": 155.5164115414331,
        "Wind": 18.48591597028459,
        "Hydro_Embalse": 23.02023070176965,
        "Hydro_Pasada": 3.027027048702967,
        "Coal": 0,
        "Gas": 46.61194265004917,
        "Diesel": 0.0,
        "Nuclear": 12.53692142437898
      }
    },
    "BO": {
      "generationMix": {
        "Solar": 10.08714833929164,
        "Wind": 12.15219928745581,
        "Hydro_Embalse": 2.572166962454098,
        "Hydro_Pasada": 0.5013244745042156,
        "Coal": 0,
        "Gas": 1.804958117374361,
        "Diesel": 0.00843573333360207,
        "Nuclear": 0.0
      }
    },
    "BR": {
      "generationMix": {
        "Solar": 190.9393259605379,
        "Wind": 696.3980260086446,
        "Hydro_Embalse": 286.6714354965561,
        "Hydro_Pasada": 21.8428412743157,
        "Coal": 0,
        "Gas": 0.3777113108074878,
        "Diesel": 0.0,
        "Nuclear": 15.2370168961983
      }
    },
    "BZ": {
      "generationMix": {
        "Solar": 0.02153877481011406,
        "Wind": 1.185615238631809,
        "Hydro_Embalse": 0.2285714285714286,
        "Hydro_Pasada": 0.03160219261377315,
        "Coal": 0,
        "Gas": 0.9954718796133949,
        "Diesel": 0.01645939587047464,
        "Nuclear": 0.0
      }
    },
    "CL": {
      "generationMix": {
        "Solar": 45.52915194180442,
        "Wind": 93.5168596046531,
        "Hydro_Embalse": 13.16949986668984,
        "Hydro_Pasada": 5.463452195450152,
        "Coal": 0,
        "Gas": 3.312093919330705,
        "Diesel": 0.1300140474161694,
        "Nuclear": 0.0
      }
    },
    "CO": {
      "generationMix": {
        "Solar": 73.99495186049256,
        "Wind": 35.87475259968148,
        "Hydro_Embalse": 31.06134967140216,
        "Hydro_Pasada": 9.839453012140618,
        "Coal": 0,
        "Gas": 16.67781080509593,
        "Diesel": 0.07725578811967859,
        "Nuclear": 0.0
      }
    },
    "CR": {
      "generationMix": {
        "Solar": 0.09228694597586516,
        "Wind": 6.142640025438886,
        "Hydro_Embalse": 11.44458690300163,
        "Hydro_Pasada": 1.600004924592333,
        "Coal": 0,
        "Gas": 2.745643831609005,
        "Diesel": 0.02279295409605297,
        "Nuclear": 0.0
      }
    },
    "EC": {
      "generationMix": {
        "Solar": 48.28207573629624,
        "Wind": 1.742865162146269,
        "Hydro_Embalse": 12.04086391575325,
        "Hydro_Pasada": 3.710839922105045,
        "Coal": 0,
        "Gas": 12.11107685569938,
        "Diesel": 0.01401397596572389,
        "Nuclear": 0.0
      }
    },
    "ES": {
      "generationMix": {
        "Solar": 8.874568225233645,
        "Wind": 0.8008981591296322,
        "Hydro_Embalse": 2.996991891856243,
        "Hydro_Pasada": 0.6830304368538396,
        "Coal": 0,
        "Gas": 1.188225490884317,
        "Diesel": 0.0,
        "Nuclear": 0.0
      }
    },
    "FG": {
      "generationMix": {
        "Solar": 0.2487461485086934,
        "Wind": 0.6071788768690642,
        "Hydro_Embalse": 0.8662323839984049,
        "Hydro_Pasada": 0.02353728817442944,
        "Coal": 0,
        "Gas": 0.322953071907976,
        "Diesel": 0.01065427899995105,
        "Nuclear": 0.0
      }
    },
    "GU": {
      "generationMix": {
        "Solar": 14.60272110125917,
        "Wind": 2.274881780233999,
        "Hydro_Embalse": 6.551328986657126,
        "Hydro_Pasada": 1.775066953184461,
        "Coal": 0,
        "Gas": 1.986308049963716,
        "Diesel": 0.0,
        "Nuclear": 0.0
      }
    },
    "GY": {
      "generationMix": {
        "Solar": 0.02247685,
        "Wind": 0.08108243185639058,
        "Hydro_Embalse": 5e-06,
        "Hydro_Pasada": 9.99999999999928e-07,
        "Coal": 0,
        "Gas": 1.58311693953249,
        "Diesel": 0.01467834864821611,
        "Nuclear": 0.0
      }
    },
    "HO": {
      "generationMix": {
        "Solar": 17.02722614898292,
        "Wind": 2.87257235869648,
        "Hydro_Embalse": 4.286322740314504,
        "Hydro_Pasada": 1.36874399320707,
        "Coal": 0,
        "Gas": 4.138447498369235,
        "Diesel": 0.009358639360153643,
        "Nuclear": 0.0
      }
    },
    "MX": {
      "generationMix": {
        "Solar": 215.8228622103317,
        "Wind": 207.9624480643857,
        "Hydro_Embalse": 66.8822646854533,
        "Hydro_Pasada": 6.003017841928771,
        "Coal": 0,
        "Gas": 73.42073275017233,
        "Diesel": 0.0,
        "Nuclear": 11.10649981788412
      }
    },
    "NI": {
      "generationMix": {
        "Solar": 6.692299887898845,
        "Wind": 0.4748778962559604,
        "Hydro_Embalse": 0.7168062341433188,
        "Hydro_Pasada": 0.2318808450100013,
        "Coal": 0,
        "Gas": 2.182858780605321,
        "Diesel": 0.0,
        "Nuclear": 0.0
      }
    },
    "PA": {
      "generationMix": {
        "Solar": 3.316810204071404,
        "Wind": 4.829846037447079,
        "Hydro_Embalse": 10.98560190018826,
        "Hydro_Pasada": 2.150830532478178,
        "Coal": 0,
        "Gas": 5.569632202084646,
        "Diesel": 0.06412240741538211,
        "Nuclear": 0.0
      }
    },
    "PE": {
      "generationMix": {
        "Solar": 16.45002802833332,
        "Wind": 18.55162519300553,
        "Hydro_Embalse": 25.43783770073448,
        "Hydro_Pasada": 9.64197876261147,
        "Coal": 0,
        "Gas": 65.0459427145148,
        "Diesel": 0.3744450142992578,
        "Nuclear": 0.0
      }
    },
    "PY": {
      "generationMix": {
        "Solar": 19.83281724894427,
        "Wind": 0.0,
        "Hydro_Embalse": 34.26090775509821,
        "Hydro_Pasada": 0.2133717834843682,
        "Coal": 0,
        "Gas": 0.0,
        "Diesel": 0.0,
        "Nuclear": 0.0
      }
    },
    "SU": {
      "generationMix": {
        "Solar": 0.01726943187975348,
        "Wind": 1.943440658936021,
        "Hydro_Embalse": 1.28952826408736,
        "Hydro_Pasada": 0.01481126331544389,
        "Coal": 0,
        "Gas": 1.159900972823404,
        "Diesel": 0.008511657160170319,
        "Nuclear": 0.0
      }
    },
    "UY": {
      "generationMix": {
        "Solar": 0.3795052290715043,
        "Wind": 33.73853694415238,
        "Hydro_Embalse": 6.841236824937004,
        "Hydro_Pasada": 0.1426619380995439,
        "Coal": 0,
        "Gas": 0.0,
        "Diesel": 0.0,
        "Nuclear": 0.0
      }
    },
    "VE": {
      "generationMix": {
        "Solar": 0.0,
        "Wind": 0.02284079991358435,
        "Hydro_Embalse": 106.6582244530944,
        "Hydro_Pasada": 0.5957134715200111,
        "Coal": 0,
        "Gas": 0.7426262603681442,
        "Diesel": 0.0,
        "Nuclear": 0.0
      }
    }
  },
  "staticLines": [
    {
      "id": "PA-CR",
      "from": "Panama",
      "to": "Costa Rica",
      "existingCapacity": 300.0,
      "coordinates": {
        "c1": "(9.51102,-84.57103)",
        "c2": "(8.07574,-82.2729)"
      }
    },
    {
      "id": "BR-UY",
      "from": "Brazil",
      "to": "Uruguay",
      "existingCapacity": 570.0,
      "coordinates": {
        "c1": "(-24.26318,-49.54945)",
        "c2": "(-33.02693,-55.40152)"
      }
    },
    {
      "id": "BR-AR",
      "from": "Brazil",
      "to": "Argentina",
      "existingCapacity": 2250.0,
      "coordinates": {
        "c1": "(-24.26318,-49.54945)",
        "c2": "(-31.3157,-66.22498)"
      }
    },
    {
      "id": "PY-AR",
      "from": "Paraguay",
      "to": "Argentina",