{
  "scenarioParameters": {
    "year": 2035,
    "transmission": "Integrated",
    "sovereignty": "WithoutSovereignty",
    "demand": "ElecPlus",
    "hydroAndean": "High",
    "hydroConoSur": "Low"
  },
  "regional": {
    "generationMix": {
      "Solar": 491.70929024833487,
      "Wind": 1491.103225061776,
      "Hydro_Embalse": 743.7959437503299,
      "Hydro_Pasada": 102.51025912642287,
      "Coal": 0.0,
      "Gas": 67.53860399331535,
      "Diesel": 0.039089814149751406,
      "Nuclear": 46.27701304948384
    }
  },
  "countries": {
    "AR": {
      "generationMix": {
        "Solar": 113.5825407364424,
        "Wind": 18.5707515934694,
        "Hydro_Embalse": 23.02023070176962,
        "Hydro_Pasada": 3.586689315175117,
        "Coal": 0,
        "Gas": 2.789206655079024,
        "Diesel": 0.0,
        "Nuclear": 14.97642599534768
      }
    },
    "BO": {
      "generationMix": {
        "Solar": 51.24925462338235,
        "Wind": 108.9287187831221,
        "Hydro_Embalse": 2.572166962454097,
        "Hydro_Pasada": 0.594629132620081,
        "Coal": 0,
        "Gas": 0.09814545036790623,
        "Diesel": 0.0,
        "Nuclear": 0.0
      }
    },
    "BR": {
      "generationMix": {
        "Solar": 79.15327501549865,
        "Wind": 717.761800324638,
        "Hydro_Embalse": 286.6714354965559,
        "Hydro_Pasada": 24.11971970778677,
        "Coal": 0,
        "Gas": 0.6778903822824126,
        "Diesel": 0.0,
        "Nuclear": 17.39937467548733
      }
    },
    "BZ": {
      "generationMix": {
        "Solar": 0.02233463466037498,
        "Wind": 1.174537296811151,
        "Hydro_Embalse": 0.2285714285714286,
        "Hydro_Pasada": 0.0342857142857118,
        "Coal": 0,
        "Gas": 0.993566243147391,
        "Diesel": 0.02351650887336783,
        "Nuclear": 0.0
      }
    },
    "CL": {
      "generationMix": {
        "Solar": 29.99747282845974,
        "Wind": 97.8384713831292,
        "Hydro_Embalse": 13.16949986668983,
        "Hydro_Pasada": 6.793370114631747,
        "Coal": 0,
        "Gas": 0.280872226500798,
        "Diesel": 0.01212732314524415,
        "Nuclear": 0.0
      }
    },
    "CO": {
      "generationMix": {
        "Solar": 1.034209733333332,
        "Wind": 40.27424416707107,
        "Hydro_Embalse": 72.12083718013129,
        "Hydro_Pasada": 26.42687086072316,
        "Coal": 0,
        "Gas": 0.0,
        "Diesel": 0.0,
        "Nuclear": 0.0
      }
    },
    "CR": {
      "generationMix": {
        "Solar": 0.1390795304568499,
        "Wind": 9.064351128852612,
        "Hydro_Embalse": 12.24242087291481,
        "Hydro_Pasada": 2.124844333748289,
        "Coal": 0,
        "Gas": 0.0,
        "Diesel": 0.0,
        "Nuclear": 0.0
      }
    },
    "EC": {
      "generationMix": {
        "Solar": 7.57204199086985,
        "Wind": 1.744646901137769,
        "Hydro_Embalse": 30.05010723092925,
        "Hydro_Pasada": 11.65295212816002,
        "Coal": 0,
        "Gas": 0.04431769417058604,
        "Diesel": 0.0002805093623145104,
        "Nuclear": 0.0
      }
    },
    "ES": {
      "generationMix": {
        "Solar": 4.451487282726505,
        "Wind": 0.7758040679126949,
        "Hydro_Embalse": 3.733777418872029,
        "Hydro_Pasada": 0.8652616789602465,
        "Coal": 0,
        "Gas": 0.02910508084927782,
        "Diesel": 0.0,
        "Nuclear": 0.0
      }
    },
    "FG": {
      "generationMix": {
        "Solar": 0.1304163,
        "Wind": 1.636224080660739,
        "Hydro_Embalse": 0.9245513891124884,
        "Hydro_Pasada": 0.02878191276982905,
        "Coal": 0,
        "Gas": 0.0,
        "Diesel": 0.0,
        "Nuclear": 0.0
      }
    },
    "GU": {
      "generationMix": {
        "Solar": 5.539523154856623,
        "Wind": 2.274881780233999,
        "Hydro_Embalse": 7.489648410163731,
        "Hydro_Pasada": 2.073491346126402,
        "Coal": 0,
        "Gas": 0.0,
        "Diesel": 0.0,
        "Nuclear": 0.0
      }
    },
    "GY": {
      "generationMix": {
        "Solar": 0.02247685,
        "Wind": 0.08108243185639058,
        "Hydro_Embalse": 5e-06,
        "Hydro_Pasada": 9.99999999999928e-07,
        "Coal": 0,
        "Gas": 0.0,
        "Diesel": 0.0,
        "Nuclear": 0.0
      }
    },
    "HO": {
      "generationMix": {
        "Solar": 9.359853756696914,
        "Wind": 2.81375046321295,
        "Hydro_Embalse": 5.151460656997258,
        "Hydro_Pasada": 1.672432632150222,
        "Coal": 0,
        "Gas": 0.003465033879289458,
        "Diesel": 0.0,
        "Nuclear": 0.0
      }
    },
    "MX": {
      "generationMix": {
        "Solar": 183.4530147218361,
        "Wind": 195.7520448618787,
        "Hydro_Embalse": 81.10092704886058,
        "Hydro_Pasada": 7.590253813615324,
        "Coal": 0,
        "Gas": 59.02553436649816,
        "Diesel": 0.0003505149918621487,
        "Nuclear": 13.90121237864883
      }
    },
    "NI": {
      "generationMix": {
        "Solar": 0.8218737393064298,
        "Wind": 0.6055437782493162,
        "Hydro_Embalse": 0.84096,
        "Hydro_Pasada": 0.2745762711864209,
        "Coal": 0,
        "Gas": 0.0,
        "Diesel": 0.0,
        "Nuclear": 0.0
      }
    },
    "PA": {
      "generationMix": {
        "Solar": 0.9524073499999998,
        "Wind": 4.829846037447079,
        "Hydro_Embalse": 11.28110725218118,
        "Hydro_Pasada": 2.383155103844281,
        "Coal": 0,
        "Gas": 0.0,
        "Diesel": 0.0,
        "Nuclear": 0.0
      }
    },
    "PE": {
      "generationMix": {
        "Solar": 2.782983237098313,
        "Wind": 18.55162519300553,
        "Hydro_Embalse": 25.43783770073447,
        "Hydro_Pasada": 9.64197876261147,
        "Coal": 0,
        "Gas": 3.596500860540512,
        "Diesel": 0.0,
        "Nuclear": 0.0
      }
    },
    "PY": {
      "generationMix": {
        "Solar": 0.0,
        "Wind": 0.0,
        "Hydro_Embalse": 34.2609077550982,
        "Hydro_Pasada": 0.2380544092407515,
        "Coal": 0,
        "Gas": 0.0,
        "Diesel": 0.0,
        "Nuclear": 0.0
      }
    },
    "SU": {
      "generationMix": {
        "Solar": 0.0218046875,
        "Wind": 1.653611547174159,
        "Hydro_Embalse": 1.495226656095304,
        "Hydro_Pasada": 0.01917039625934233,
        "Coal": 0,
        "Gas": 0.0,
        "Diesel": 0.002814957776962764,
        "Nuclear": 0.0
      }
    },
    "UY": {
      "generationMix": {
        "Solar": 0.5538413999999999,
        "Wind": 233.1463123144763,
        "Hydro_Embalse": 6.841236824937005,
        "Hydro_Pasada": 0.1821672425278404,
        "Coal": 0,
        "Gas": 0.0,
        "Diesel": 0.0,
        "Nuclear": 0.0
      }
    },
    "VE": {
      "generationMix": {
        "Solar": 0.8693986752103898,
        "Wind": 33.62497692743687,
        "Hydro_Embalse": 125.1630278972615,
        "Hydro_Pasada": 2.207573249999841,
        "Coal": 0,
        "Gas": 0.0,
        "Diesel": 0.0,
        "Nuclear": 0.0
      }
    }
  },
  "staticLines": [
    {
      "id": "PA-CR",
      "from": "Panama",
      "to": "Costa Rica",
      "existingCapacity": 300.0,
      "coordinates": {
        "c1": "(9.51102,-84.57103)",
        "c2": "(8.07574,-82.2729)"
      }
    },
    {
      "id": "BR-UY",
      "from": "Brazil",
      "to": "Uruguay",
      "existingCapacity": 570.0,
      "coordinates": {
        "c1": "(-24.26318,-49.54945)",
        "c2": "(-33.02693,-55.40152)"
      }
    },
    {
      "id": "BR-AR",
      "from": "Brazil",
      "to": "Argentina",
      "existingCapacity": 2250.0,
      "coordinates": {
        "c1": "(-24.26318,-49.54945)",
        "c2": "(-31.3157,-66.22498)"
      }
    },
    {
      "id": "PY-AR",
      "from": "Paraguay",
      "to": "Argentina",
      "existingCapacity": 3200.0,
      "coordinates": {
        "c1": "(-23.09956,-57.84811)",
        "c2": "(-31.3157,-66.22498)"
      }
    },
    {
      "id": "UY-AR",
      "from": "Uruguay",
      "to": "Argentina",
      "existingCapacity": 3990.0,