{
  "generation": {
    "regional": {
      "BESS": 49989.06914021557,
      "Coal": 0.0,
      "Diesel": 0.0,
      "Gas": 8571.234702793023,
      "Solar": 220131.93947263426,
      "Wind": 171832.91714807745
    },
    "countries": {
      "Argentina": {
        "BESS": 845.9447055612861,
        "Coal": 0.0,
        "Diesel": 0.0,
        "Gas": 0.0,
        "Solar": 39808.16157601836,
        "Wind": 1282.0
      },
      "Belize": {
        "BESS": 33.40413224314958,
        "Coal": 0.0,
        "Diesel": 0.0,
        "Gas": 199.4610212512244,
        "Solar": 0.0,
        "Wind": 411.0
      },
      "Bolivia": {
        "BESS": 1322.828029929437,
        "Coal": 0.0,
        "Diesel": 0.0,
        "Gas": 0.0,
        "Solar": 3174.733722453979,
        "Wind": 3391.478017966922
      },
      "Brazil": {
        "BESS": 0.0,
        "Coal": 0.0,
        "Diesel": 0.0,
        "Gas": 0.0,
        "Solar": 0.0,
        "Wind": 69128.92562691329
      },
      "Chile": {
        "BESS": 4263.35998900015,
        "Coal": 0.0,
        "Diesel": 0.0,
        "Gas": 0.0,
        "Solar": 10357.13057042259,
        "Wind": 21459.0
      },
      "Colombia": {
        "BESS": 7019.557221368018,
        "Coal": 0.0,
        "Diesel": 0.0,
        "Gas": 0.0,
        "Solar": 34944.07537302554,
        "Wind": 11968.0
      },
      "Costa Rica": {
        "BESS": 41.33322472304974,
        "Coal": 0.0,
        "Diesel": 0.0,
        "Gas": 636.2049881541585,
        "Solar": 0.0,
        "Wind": 1296.563510206978
      },
      "Ecuador": {
        "BESS": 6156.937120586506,
        "Coal": 0.0,
        "Diesel": 0.0,
        "Gas": 915.85397191172,
        "Solar": 22533.44652859815,
        "Wind": 410.0
      },
      "El Salvador": {
        "BESS": 1089.047440413467,
        "Coal": 0.0,
        "Diesel": 0.0,
        "Gas": 0.0,
        "Solar": 3752.078882799666,
        "Wind": 200.0
      },
      "French Guiana": {
        "BESS": 21.70094594461558,
        "Coal": 0.0,
        "Diesel": 0.0,
        "Gas": 85.90807092777504,
        "Solar": 55.0,
        "Wind": 197.2470907132881
      },
      "Guatemala": {
        "BESS": 2259.359566748642,
        "Coal": 0.0,
        "Diesel": 0.0,
        "Gas": 605.6361909282141,
        "Solar": 6823.458454409705,
        "Wind": 600.0
      },
      "Guyana": {
        "BESS": 0.0,
        "Coal": 0.0,
        "Diesel": 0.0,
        "Gas": 227.7284190872391,
        "Solar": 0.0,
        "Wind": 25.0
      },
      "Honduras": {
        "BESS": 2409.793555219481,
        "Coal": 0.0,
        "Diesel": 0.0,
        "Gas": 864.5534937010261,
        "Solar": 7868.130555620562,
        "Wind": 700.0
      },
      "Mexico": {
        "BESS": 20452.78328240646,
        "Coal": 0.0,
        "Diesel": 0.0,
        "Gas": 0.0,
        "Solar": 79797.6221802259,
        "Wind": 47200.0
      },
      "Nicaragua": {
        "BESS": 858.1078816877102,
        "Coal": 0.0,
        "Diesel": 0.0,
        "Gas": 516.2898568784312,
        "Solar": 3331.101629059822,
        "Wind": 0.0
      },
      "Panama": {
        "BESS": 134.9979353910937,
        "Coal": 0.0,
        "Diesel": 0.0,
        "Gas": 1024.677469150534,
        "Solar": 1316.0,
        "Wind": 1152.0
      },
      "Paraguay": {
        "BESS": 2289.181463312406,
        "Coal": 0.0,
        "Diesel": 0.0,
        "Gas": 0.0,
        "Solar": 0.0,
        "Wind": 0.0
      },
      "Peru": {
        "BESS": 0.0,
        "Coal": 0.0,
        "Diesel": 0.0,
        "Gas": 3217.650724962405,
        "Solar": 6371.0,
        "Wind": 3658.0
      },
      "Suriname": {
        "BESS": 45.7187649934436,
        "Coal": 0.0,
        "Diesel": 0.0,
        "Gas": 277.2704958402958,
        "Solar": 0.0,
        "Wind": 638.137287326829
      },
      "Uruguay": {
        "BESS": 537.9350079257104,
        "Coal": 0.0,
        "Diesel": 0.0,
        "Gas": 0.0,
        "Solar": 0.0,
        "Wind": 8115.565614950156
      },
      "Venezuela": {
        "BESS": 207.0788727609467,
        "Coal": 0.0,
        "Diesel": 0.0,
        "Gas": 0.0,
        "Solar": 0.0,
        "Wind": 0.0
      }
    }
  },
  "transmission": {
    "lines": [
      {
        "id": "PA-CO",
        "newCapacityMW": 0
      },
      {
        "id": "PA-CR",
        "newCapacityMW": 0
      },
      {
        "id": "BR-PY",
        "newCapacityMW": 0
      },
      {
        "id": "BR-UY",
        "newCapacityMW": 0
      },
      {
        "id": "BR-AR",
        "newCapacityMW": 0
      },
      {
        "id": "BR-BO",
        "newCapacityMW": 0
      },
      {
        "id": "BR-VE",
        "newCapacityMW": 0
      },
      {
        "id": "BR-FG",
        "newCapacityMW": 0
      },
      {
        "id": "BR-GY",
        "newCapacityMW": 0
      },
      {
        "id": "PY-AR",
        "newCapacityMW": 0
      },
      {
        "id": "PY-BO",
        "newCapacityMW": 0
      },
      {
        "id": "UY-AR",
        "newCapacityMW": 0
      },
      {
        "id": "AR-CL",
        "newCapacityMW": 0
      },
      {
        "id": "AR-BO",
        "newCapacityMW": 0
      },
      {
        "id": "PE-CL",
        "newCapacityMW": 0
      },
      {
        "id": "PE-EC",
        "newCapacityMW": 0
      },
      {
        "id": "PE-BO",
        "newCapacityMW": 0
      },
      {
        "id": "CL-BO",
        "newCapacityMW": 0
      },
      {
        "id": "EC-CO",
        "newCapacityMW": 0
      },
      {
        "id": "CO-VE",
        "newCapacityMW": 0
      },
      {
        "id": "MX-GU",
        "newCapacityMW": 0
      },
      {
        "id": "HO-NI",
        "newCapacityMW": 0
      },
      {
        "id": "HO-ES",
        "newCapacityMW": 0
      },
      {
        "id": "NI-CR",
        "newCapacityMW": 0
      },
      {
        "id": "GU-ES",
        "newCapacityMW": 0
      },
      {
        "id": "FG-SU",
        "newCapacityMW": 0
      },
      {
        "id": "SU-GY",
        "newCapacityMW": 0
      }
    ]
  }
}