{
  "generation": {
    "regional": {
      "BESS": 17552.738550555012,
      "Coal": 0.0,
      "Diesel": 42977.369772704165,
      "Gas": 199.3816706311184,
      "Solar": 126012.61186315888,
      "Wind": 247449.88545462827
    },
    "countries": {
      "Argentina": {
        "BESS": 6829.82899163009,
        "Coal": 0.0,
        "Diesel": 10000.0,
        "Gas": 0.0,
        "Solar": 48158.87348808154,
        "Wind": 1282.0
      },
      "Belize": {
        "BESS": 42.68984231142026,
        "Coal": 0.0,
        "Diesel": 0.0,
        "Gas": 199.3816706311184,
        "Solar": 0.0,
        "Wind": 411.0
      },
      "Bolivia": {
        "BESS": 0.0,
        "Coal": 0.0,
        "Diesel": 0.0,
        "Gas": 0.0,
        "Solar": 0.0,
        "Wind": 9926.930146398397
      },
      "Brazil": {
        "BESS": 0.0,
        "Coal": 0.0,
        "Diesel": 0.0,
        "Gas": 0.0,
        "Solar": 0.0,
        "Wind": 140681.687400615
      },
      "Chile": {
        "BESS": 1473.21918876627,
        "Coal": 0.0,
        "Diesel": 1471.661250337113,
        "Gas": 0.0,
        "Solar": 5217.764326814591,
        "Wind": 21459.0
      },
      "Colombia": {
        "BESS": 972.7729495272408,
        "Coal": 0.0,
        "Diesel": 10000.0,
        "Gas": 0.0,
        "Solar": 0.0,
        "Wind": 11968.0
      },
      "Costa Rica": {
        "BESS": 178.1096528219453,
        "Coal": 0.0,
        "Diesel": 823.4427456153941,
        "Gas": 0.0,
        "Solar": 0.0,
        "Wind": 2300.0
      },
      "Ecuador": {
        "BESS": 1103.331285392824,
        "Coal": 0.0,
        "Diesel": 3245.889134485721,
        "Gas": 0.0,
        "Solar": 8619.510707500755,
        "Wind": 410.0
      },
      "El Salvador": {
        "BESS": 486.395001846611,
        "Coal": 0.0,
        "Diesel": 0.0,
        "Gas": 0.0,
        "Solar": 1711.26484735486,
        "Wind": 200.0
      },
      "French Guiana": {
        "BESS": 16.8914599215949,
        "Coal": 0.0,
        "Diesel": 0.0,
        "Gas": 0.0,
        "Solar": 0.0,
        "Wind": 196.6028931852962
      },
      "Guatemala": {
        "BESS": 2259.359566748642,
        "Coal": 0.0,
        "Diesel": 0.0,
        "Gas": 0.0,
        "Solar": 3421.416029109663,
        "Wind": 600.0
      },
      "Guyana": {
        "BESS": 0.0,
        "Coal": 0.0,
        "Diesel": 0.0,
        "Gas": 0.0,
        "Solar": 0.0,
        "Wind": 0.0
      },
      "Honduras": {
        "BESS": 1460.831675299076,
        "Coal": 0.0,
        "Diesel": 74.86813518759605,
        "Gas": 0.0,
        "Solar": 6052.457140677314,
        "Wind": 700.0
      },
      "Mexico": {
        "BESS": 1591.994910847038,
        "Coal": 0.0,
        "Diesel": 0.0,
        "Gas": 0.0,
        "Solar": 50105.14723388448,
        "Wind": 47200.0
      },
      "Nicaragua": {
        "BESS": 83.51705341265915,
        "Coal": 0.0,
        "Diesel": 870.8248216531862,
        "Gas": 0.0,
        "Solar": 1179.001768699847,
        "Wind": 0.0
      },
      "Panama": {
        "BESS": 314.5401567083398,
        "Coal": 0.0,
        "Diesel": 2099.425855382469,
        "Gas": 0.0,
        "Solar": 0.0,
        "Wind": 1152.0
      },
      "Paraguay": {
        "BESS": 269.3383603911511,
        "Coal": 0.0,
        "Diesel": 4391.257830042689,
        "Gas": 0.0,
        "Solar": 0.0,
        "Wind": 0.0
      },
      "Peru": {
        "BESS": 450.5570817996932,
        "Coal": 0.0,
        "Diesel": 10000.0,
        "Gas": 0.0,
        "Solar": 1547.176321035818,
        "Wind": 3658.0
      },
      "Suriname": {
        "BESS": 19.36137313041849,
        "Coal": 0.0,
        "Diesel": 0.0,
        "Gas": 0.0,
        "Solar": 0.0,
        "Wind": 259.8999201627034
      },
      "Uruguay": {
        "BESS": 0.0,
        "Coal": 0.0,
        "Diesel": 0.0,
        "Gas": 0.0,
        "Solar": 0.0,
        "Wind": 5044.76509426689
      },
      "Venezuela": {
        "BESS": 0.0,
        "Coal": 0.0,
        "Diesel": 0.0,
        "Gas": 0.0,
        "Solar": 0.0,
        "Wind": 0.0
      }
    }
  },
  "transmission": {
    "lines": [
      {
        "id": "PA-CO",
        "newCapacityMW": 19703.39043087785
      },
      {
        "id": "PA-CR",
        "newCapacityMW": 18296.79100342748
      },
      {
        "id": "BR-PY",
        "newCapacityMW": 518.2928247815944
      },
      {
        "id": "BR-UY",
        "newCapacityMW": 0.0
      },
      {
        "id": "BR-AR",
        "newCapacityMW": 17962.35628792093
      },
      {
        "id": "BR-BO",
        "newCapacityMW": 9333.18500774845
      },
      {
        "id": "BR-VE",
        "newCapacityMW": 26485.08711533982
      },
      {
        "id": "BR-FG",
        "newCapacityMW": 281.5316616759573
      },
      {
        "id": "BR-GY",
        "newCapacityMW": 379.6724437273822
      },
      {
        "id": "PY-AR",
        "newCapacityMW": 0.0
      },
      {
        "id": "PY-BO",
        "newCapacityMW": 1871.838955259311
      },
      {
        "id": "UY-AR",
        "newCapacityMW": 0.0
      },
      {
        "id": "AR-CL",
        "newCapacityMW": 2896.976011649211
      },
      {
        "id": "AR-BO",
        "newCapacityMW": 0.0
      },
      {
        "id": "PE-CL",
        "newCapacityMW": 987.3677384222071
      },
      {
        "id": "PE-EC",
        "newCapacityMW": 2671.880145416529
      },
      {
        "id": "PE-BO",
        "newCapacityMW": 10792.15930020606
      },
      {
        "id": "CL-BO",
        "newCapacityMW": 2278.408827365456
      },
      {
        "id": "EC-CO",
        "newCapacityMW": 3031.069452968651
      },
      {
        "id": "CO-VE",
        "newCapacityMW": 28096.15808203147
      },
      {
        "id": "MX-GU",
        "newCapacityMW": 17033.5990806114
      },
      {
        "id": "HO-NI",
        "newCapacityMW": 17052.14881904255
      },
      {
        "id": "HO-ES",
        "newCapacityMW": 15944.11516685676
      },
      {
        "id": "NI-CR",
        "newCapacityMW": 17928.23098611277
      },
      {
        "id": "GU-ES",
        "newCapacityMW": 15732.23814022282
      },
      {
        "id": "FG-SU",
        "newCapacityMW": 169.1937451408538
      },
      {
        "id": "SU-GY",
        "newCapacityMW": 151.1541170276431
      }
    ]
  }
}