{
  "generation": {
    "regional": {
      "BESS": 4735.642778804315,
      "Coal": 0.0,
      "Diesel": 0.0,
      "Gas": 199.4610212512244,
      "Solar": 131040.56578547481,
      "Wind": 304596.54629363737
    },
    "countries": {
      "Argentina": {
        "BESS": 0.0,
        "Coal": 0.0,
        "Diesel": 0.0,
        "Gas": 0.0,
        "Solar": 46645.40856397993,
        "Wind": 1282.0
      },
      "Belize": {
        "BESS": 33.40413224314958,
        "Coal": 0.0,
        "Diesel": 0.0,
        "Gas": 199.4610212512244,
        "Solar": 0.0,
        "Wind": 411.0
      },
      "Bolivia": {
        "BESS": 0.0,
        "Coal": 0.0,
        "Diesel": 0.0,
        "Gas": 0.0,
        "Solar": 8241.450761535318,
        "Wind": 29400.0
      },
      "Brazil": {
        "BESS": 0.0,
        "Coal": 0.0,
        "Diesel": 0.0,
        "Gas": 0.0,
        "Solar": 0.0,
        "Wind": 160185.0
      },
      "Chile": {
        "BESS": 0.0,
        "Coal": 0.0,
        "Diesel": 0.0,
        "Gas": 0.0,
        "Solar": 3414.553479930014,
        "Wind": 21459.0
      },
      "Colombia": {
        "BESS": 0.0,
        "Coal": 0.0,
        "Diesel": 0.0,
        "Gas": 0.0,
        "Solar": 0.0,
        "Wind": 11968.0
      },
      "Costa Rica": {
        "BESS": 0.0,
        "Coal": 0.0,
        "Diesel": 0.0,
        "Gas": 0.0,
        "Solar": 0.0,
        "Wind": 2300.0
      },
      "Ecuador": {
        "BESS": 0.0,
        "Coal": 0.0,
        "Diesel": 0.0,
        "Gas": 0.0,
        "Solar": 3016.464412821984,
        "Wind": 410.0
      },
      "El Salvador": {
        "BESS": 0.0,
        "Coal": 0.0,
        "Diesel": 0.0,
        "Gas": 0.0,
        "Solar": 1455.003956113635,
        "Wind": 200.0
      },
      "French Guiana": {
        "BESS": 0.0,
        "Coal": 0.0,
        "Diesel": 0.0,
        "Gas": 0.0,
        "Solar": 0.0,
        "Wind": 148.2559531950459
      },
      "Guatemala": {
        "BESS": 0.0,
        "Coal": 0.0,
        "Diesel": 0.0,
        "Gas": 0.0,
        "Solar": 2408.098103216961,
        "Wind": 600.0
      },
      "Guyana": {
        "BESS": 0.0,
        "Coal": 0.0,
        "Diesel": 0.0,
        "Gas": 0.0,
        "Solar": 0.0,
        "Wind": 25.0
      },
      "Honduras": {
        "BESS": 0.0,
        "Coal": 0.0,
        "Diesel": 0.0,
        "Gas": 0.0,
        "Solar": 3730.047785170524,
        "Wind": 700.0
      },
      "Mexico": {
        "BESS": 4702.238646561165,
        "Coal": 0.0,
        "Diesel": 0.0,
        "Gas": 0.0,
        "Solar": 58209.06431567725,
        "Wind": 47200.0
      },
      "Nicaragua": {
        "BESS": 0.0,
        "Coal": 0.0,
        "Diesel": 0.0,
        "Gas": 0.0,
        "Solar": 423.1465044609795,
        "Wind": 0.0
      },
      "Panama": {
        "BESS": 0.0,
        "Coal": 0.0,
        "Diesel": 0.0,
        "Gas": 0.0,
        "Solar": 0.0,
        "Wind": 1152.0
      },
      "Paraguay": {
        "BESS": 0.0,
        "Coal": 0.0,
        "Diesel": 0.0,
        "Gas": 0.0,
        "Solar": 0.0,
        "Wind": 0.0
      },
      "Peru": {
        "BESS": 0.0,
        "Coal": 0.0,
        "Diesel": 0.0,
        "Gas": 0.0,
        "Solar": 1937.248789795547,
        "Wind": 3658.0
      },
      "Suriname": {
        "BESS": 0.0,
        "Coal": 0.0,
        "Diesel": 0.0,
        "Gas": 0.0,
        "Solar": 0.0,
        "Wind": 277.5723301121387
      },
      "Uruguay": {
        "BESS": 0.0,
        "Coal": 0.0,
        "Diesel": 0.0,
        "Gas": 0.0,
        "Solar": 0.0,
        "Wind": 13220.71801033019
      },
      "Venezuela": {
        "BESS": 0.0,
        "Coal": 0.0,
        "Diesel": 0.0,
        "Gas": 0.0,
        "Solar": 1560.079112772675,
        "Wind": 10000.0
      }
    }
  },
  "transmission": {
    "lines": [
      {
        "id": "PA-CO",
        "newCapacityMW": 18779.48792734682
      },
      {
        "id": "PA-CR",
        "newCapacityMW": 17533.96328993094
      },
      {
        "id": "BR-PY",
        "newCapacityMW": 0.0
      },
      {
        "id": "BR-UY",
        "newCapacityMW": 1372.671856720636
      },
      {
        "id": "BR-AR",
        "newCapacityMW": 14198.89657384621
      },
      {
        "id": "BR-BO",
        "newCapacityMW": 10468.51294651655
      },
      {
        "id": "BR-VE",
        "newCapacityMW": 18659.90510616909
      },
      {
        "id": "BR-FG",
        "newCapacityMW": 209.7107662048369
      },
      {
        "id": "BR-GY",
        "newCapacityMW": 482.2584564548177
      },
      {
        "id": "PY-AR",
        "newCapacityMW": 0.0
      },
      {
        "id": "PY-BO",
        "newCapacityMW": 2670.52747759811
      },
      {
        "id": "UY-AR",
        "newCapacityMW": 3792.180194663339
      },
      {
        "id": "AR-CL",
        "newCapacityMW": 2535.228370683006
      },
      {
        "id": "AR-BO",
        "newCapacityMW": 0.0
      },
      {
        "id": "PE-CL",
        "newCapacityMW": 1358.222612443467
      },
      {
        "id": "PE-EC",
        "newCapacityMW": 4578.367959294288
      },
      {
        "id": "PE-BO",
        "newCapacityMW": 13282.66328895166
      },
      {
        "id": "CL-BO",
        "newCapacityMW": 3483.448853236964
      },
      {
        "id": "EC-CO",
        "newCapacityMW": 2041.060893752214
      },
      {
        "id": "CO-VE",
        "newCapacityMW": 21923.81396754021
      },
      {
        "id": "MX-GU",
        "newCapacityMW": 13943.66543472054
      },
      {
        "id": "HO-NI",
        "newCapacityMW": 16402.02208828531
      },
      {
        "id": "HO-ES",
        "newCapacityMW": 14742.8192301568
      },
      {
        "id": "NI-CR",
        "newCapacityMW": 17256.69869871927
      },
      {
        "id": "GU-ES",
        "newCapacityMW": 14310.21867103818
      },
      {
        "id": "FG-SU",
        "newCapacityMW": 79.72365082552272
      },
      {
        "id": "SU-GY",
        "newCapacityMW": 254.0685323972338
      }
    ]
  }
}