{
  "regional": {
    "totalCost": 63080.1989501634,
    "totalInvestment": 61881.773690144415,
    "operationCost": 1198.4252600189843,
    "totalEmissions": 29.47728230630815,
    "geopoliticalCost": 2819.3759972433254
  },
  "countries": {
    "Panama": {
      "lossToTrust": 0,
      "lossToNotTrust": 0,
      "operationCost": 0.0,
      "energyBalance": {
        "imports": 0.0,
        "exports": -1480.863808798429
      },
      "totalEmissions": 0.0
    },
    "Brazil": {
      "lossToTrust": 0,
      "lossToNotTrust": 0,
      "operationCost": 9.276394704917225,
      "energyBalance": {
        "imports": 0.0,
        "exports": -14976.493765949852
      },
      "totalEmissions": 0.0
    },
    "Paraguay": {
      "lossToTrust": 0,
      "lossToNotTrust": 0,
      "operationCost": 0.0,
      "energyBalance": {
        "imports": 0.0,
        "exports": -4009.0640274620464
      },
      "totalEmissions": 0.0
    },
    "Uruguay": {
      "lossToTrust": 0,
      "lossToNotTrust": 0,
      "operationCost": 0.0,
      "energyBalance": {
        "imports": 21625.084985333157,
        "exports": 22097.47983919734
      },
      "totalEmissions": 0.0
    },
    "Argentina": {
      "lossToTrust": 0,
      "lossToNotTrust": 0,
      "operationCost": 38.168091069502445,
      "energyBalance": {
        "imports": 21587.425076403168,
        "exports": 112.80163431826132
      },
      "totalEmissions": 0.0
    },
    "Peru": {
      "lossToTrust": 0,
      "lossToNotTrust": 0,
      "operationCost": 49.215274933712266,
      "energyBalance": {
        "imports": 0.0,
        "exports": -15022.760604926274
      },
      "totalEmissions": 0.0
    },
    "Chile": {
      "lossToTrust": 0,
      "lossToNotTrust": 0,
      "operationCost": 5.59696744812429,
      "energyBalance": {
        "imports": 29.96036962805517,
        "exports": -2143.8852408551743
      },
      "totalEmissions": 0.0
    },
    "Ecuador": {
      "lossToTrust": 0,
      "lossToNotTrust": 0,
      "operationCost": 0.8178024083972465,
      "energyBalance": {
        "imports": 4489.6602562632,
        "exports": -1080.3123723209449
      },
      "totalEmissions": 0.0
    },
    "Colombia": {
      "lossToTrust": 0,
      "lossToNotTrust": 0,
      "operationCost": 0.0,
      "energyBalance": {
        "imports": 15133.619666308117,
        "exports": -19499.046005612614
      },
      "totalEmissions": 0.0
    },
    "Bolivia": {
      "lossToTrust": 0,
      "lossToNotTrust": 0,
      "operationCost": 1.3430430050345064,
      "energyBalance": {
        "imports": 27452.77126027611,
        "exports": 0.0
      },
      "totalEmissions": 0.0
    },
    "Venezuela": {
      "lossToTrust": 0,
      "lossToNotTrust": 0,
      "operationCost": 0.0,
      "energyBalance": {
        "imports": 10834.490278417456,
        "exports": 0.0
      },
      "totalEmissions": 0.0
    },
    "Mexico": {
      "lossToTrust": 0,
      "lossToNotTrust": 0,
      "operationCost": 1074.278746069941,
      "energyBalance": {
        "imports": 0.0,
        "exports": -6823.3564415929295
      },
      "totalEmissions": 0.0
    },
    "Belize": {
      "lossToTrust": 0,
      "lossToNotTrust": 0,
      "operationCost": 19.023565980217224,
      "energyBalance": {
        "imports": 0.0,
        "exports": 0.0
      },
      "totalEmissions": 0.0
    },
    "Honduras": {
      "lossToTrust": 0,
      "lossToNotTrust": 0,
      "operationCost": 0.06306361660306814,
      "energyBalance": {
        "imports": 0.0,
        "exports": -2077.9119071159234
      },
      "totalEmissions": 0.0
    },
    "Nicaragua": {
      "lossToTrust": 0,
      "lossToNotTrust": 0,
      "operationCost": 0.0,
      "energyBalance": {
        "imports": 11488.016907112125,
        "exports": -13088.322998614498
      },
      "totalEmissions": 0.0
    },
    "Guatemala": {
      "lossToTrust": 0,
      "lossToNotTrust": 0,
      "operationCost": 0.0,
      "energyBalance": {
        "imports": 6823.3564415929295,
        "exports": -8727.371885683147
      },
      "totalEmissions": 0.0
    },
    "El Salvador": {
      "lossToTrust": 0,
      "lossToNotTrust": 0,
      "operationCost": 0.5297124714568562,
      "energyBalance": {
        "imports": 682.7331143130548,
        "exports": 0.0
      },
      "totalEmissions": 0.0
    },
    "Costa Rica": {
      "lossToTrust": 0,
      "lossToNotTrust": 0,
      "operationCost": 0.0,
      "energyBalance": {
        "imports": 515.8795134257538,
        "exports": 0.0
      },
      "totalEmissions": 0.0
    },
    "French Guiana": {
      "lossToTrust": 0,
      "lossToNotTrust": 0,
      "operationCost": 0.0,
      "energyBalance": {
        "imports": 78.50595759631048,
        "exports": 212.22516889332329
      },
      "totalEmissions": 0.0
    },
    "Suriname": {
      "lossToTrust": 0,
      "lossToNotTrust": 0,
      "operationCost": 0.11259831107851055,
      "energyBalance": {
        "imports": 212.22516889332329,
        "exports": -26.18837446560179
      },
      "totalEmissions": 0.0
    },
    "Guyana": {
      "lossToTrust": 0,
      "lossToNotTrust": 0,
      "operationCost": 0.0,
      "energyBalance": {
        "imports": 319.55905763614123,
        "exports": 0.0
      },
      "totalEmissions": 0.0
    }
  }
}