{
  "regional": {
    "totalCost": 66720.25786084624,
    "totalInvestment": 65536.26365657925,
    "operationCost": 1183.9942042669813,
    "totalEmissions": 29.025369522922215,
    "geopoliticalCost": 2286.0086824300524
  },
  "countries": {
    "Panama": {
      "lossToTrust": 0,
      "lossToNotTrust": 0,
      "operationCost": 0.03458,
      "energyBalance": {
        "imports": 0.0,
        "exports": -1482.690534225242
      },
      "totalEmissions": 0.0
    },
    "Brazil": {
      "lossToTrust": 0,
      "lossToNotTrust": 0,
      "operationCost": 9.044063085391118,
      "energyBalance": {
        "imports": 0.0,
        "exports": -15883.433300585017
      },
      "totalEmissions": 0.0
    },
    "Paraguay": {
      "lossToTrust": 0,
      "lossToNotTrust": 0,
      "operationCost": 0.0,
      "energyBalance": {
        "imports": 0.0,
        "exports": -4009.0640274620396
      },
      "totalEmissions": 0.0
    },
    "Uruguay": {
      "lossToTrust": 0,
      "lossToNotTrust": 0,
      "operationCost": 0.0,
      "energyBalance": {
        "imports": 30036.830059969536,
        "exports": 22601.575060035386
      },
      "totalEmissions": 0.0
    },
    "Argentina": {
      "lossToTrust": 0,
      "lossToNotTrust": 0,
      "operationCost": 31.00887940877524,
      "energyBalance": {
        "imports": 21621.075775223446,
        "exports": 1128.9714590566994
      },
      "totalEmissions": 0.0
    },
    "Peru": {
      "lossToTrust": 0,
      "lossToNotTrust": 0,
      "operationCost": 42.25004943722851,
      "energyBalance": {
        "imports": 0.0,
        "exports": -14947.680257213624
      },
      "totalEmissions": 0.0
    },
    "Chile": {
      "lossToTrust": 0,
      "lossToNotTrust": 0,
      "operationCost": 5.779872015803947,
      "energyBalance": {
        "imports": 570.1595130133871,
        "exports": -1741.8750942048164
      },
      "totalEmissions": 0.0
    },
    "Ecuador": {
      "lossToTrust": 0,
      "lossToNotTrust": 0,
      "operationCost": 0.1872090989990307,
      "energyBalance": {
        "imports": 10180.669870580938,
        "exports": -407.92414887059925
      },
      "totalEmissions": 0.0
    },
    "Colombia": {
      "lossToTrust": 0,
      "lossToNotTrust": 0,
      "operationCost": 0.0,
      "energyBalance": {
        "imports": 13863.117528845718,
        "exports": -27458.75732037928
      },
      "totalEmissions": 0.0
    },
    "Bolivia": {
      "lossToTrust": 0,
      "lossToNotTrust": 0,
      "operationCost": 2.2884809490238096,
      "energyBalance": {
        "imports": 30266.86027727362,
        "exports": 0.0
      },
      "totalEmissions": 0.0
    },
    "Venezuela": {
      "lossToTrust": 0,
      "lossToNotTrust": 0,
      "operationCost": 0.0,
      "energyBalance": {
        "imports": 12807.388780308835,
        "exports": 0.0
      },
      "totalEmissions": 0.0
    },
    "Mexico": {
      "lossToTrust": 0,
      "lossToNotTrust": 0,
      "operationCost": 1073.722374869883,
      "energyBalance": {
        "imports": 0.0,
        "exports": -6539.583646969033
      },
      "totalEmissions": 0.0
    },
    "Belize": {
      "lossToTrust": 0,
      "lossToNotTrust": 0,
      "operationCost": 19.023565980217224,
      "energyBalance": {
        "imports": 0.0,
        "exports": 0.0
      },
      "totalEmissions": 0.0
    },
    "Honduras": {
      "lossToTrust": 0,
      "lossToNotTrust": 0,
      "operationCost": 0.0273,
      "energyBalance": {
        "imports": 0.0,
        "exports": -1999.4367331599215
      },
      "totalEmissions": 0.0
    },
    "Nicaragua": {
      "lossToTrust": 0,
      "lossToNotTrust": 0,
      "operationCost": 0.0,
      "energyBalance": {
        "imports": 11087.762190036867,
        "exports": -12469.637928336828
      },
      "totalEmissions": 0.0
    },
    "Guatemala": {
      "lossToTrust": 0,
      "lossToNotTrust": 0,
      "operationCost": 0.0,
      "energyBalance": {
        "imports": 6539.583646969033,
        "exports": -8388.344228052165
      },
      "totalEmissions": 0.0
    },
    "El Salvador": {
      "lossToTrust": 0,
      "lossToNotTrust": 0,
      "operationCost": 0.5187,
      "energyBalance": {
        "imports": 699.981228824781,
        "exports": 0.0
      },
      "totalEmissions": 0.0
    },
    "Costa Rica": {
      "lossToTrust": 0,
      "lossToNotTrust": 0,
      "operationCost": 0.0,
      "energyBalance": {
        "imports": 497.1350825869489,
        "exports": 0.0
      },
      "totalEmissions": 0.0
    },
    "French Guiana": {
      "lossToTrust": 0,
      "lossToNotTrust": 0,
      "operationCost": 0.0,
      "energyBalance": {
        "imports": 78.24238690214796,
        "exports": 206.92195430485808
      },
      "totalEmissions": 0.0
    },
    "Suriname": {
      "lossToTrust": 0,
      "lossToNotTrust": 0,
      "operationCost": 0.10912942165964387,
      "energyBalance": {
        "imports": 206.92195430485808,
        "exports": -31.10903344323797
      },
      "totalEmissions": 0.0
    },
    "Guyana": {
      "lossToTrust": 0,
      "lossToNotTrust": 0,
      "operationCost": 0.0,
      "energyBalance": {
        "imports": 319.55905763614123,
        "exports": 0.0
      },
      "totalEmissions": 0.0
    }
  }
}