{
  "generation": {
    "regional": {
      "BESS": 8289.909582172104,
      "Coal": 0.0,
      "Diesel": 0.0,
      "Gas": 199.4610212512244,
      "Solar": 169769.40959593366,
      "Wind": 376043.30405513255
    },
    "countries": {
      "Argentina": {
        "BESS": 0.0,
        "Coal": 0.0,
        "Diesel": 0.0,
        "Gas": 0.0,
        "Solar": 46205.86140493041,
        "Wind": 1282.0
      },
      "Belize": {
        "BESS": 33.40413224314958,
        "Coal": 0.0,
        "Diesel": 0.0,
        "Gas": 199.4610212512244,
        "Solar": 0.0,
        "Wind": 411.0
      },
      "Bolivia": {
        "BESS": 0.0,
        "Coal": 0.0,
        "Diesel": 0.0,
        "Gas": 0.0,
        "Solar": 24443.5468703546,
        "Wind": 29400.0
      },
      "Brazil": {
        "BESS": 0.0,
        "Coal": 0.0,
        "Diesel": 0.0,
        "Gas": 0.0,
        "Solar": 6777.439012308963,
        "Wind": 160185.0
      },
      "Chile": {
        "BESS": 0.0,
        "Coal": 0.0,
        "Diesel": 0.0,
        "Gas": 0.0,
        "Solar": 4297.820780153449,
        "Wind": 21459.0
      },
      "Colombia": {
        "BESS": 0.0,
        "Coal": 0.0,
        "Diesel": 0.0,
        "Gas": 0.0,
        "Solar": 4571.926958481507,
        "Wind": 11968.0
      },
      "Costa Rica": {
        "BESS": 0.0,
        "Coal": 0.0,
        "Diesel": 0.0,
        "Gas": 0.0,
        "Solar": 0.0,
        "Wind": 2300.0
      },
      "Ecuador": {
        "BESS": 0.0,
        "Coal": 0.0,
        "Diesel": 0.0,
        "Gas": 0.0,
        "Solar": 3211.381867598138,
        "Wind": 410.0
      },
      "El Salvador": {
        "BESS": 0.0,
        "Coal": 0.0,
        "Diesel": 0.0,
        "Gas": 0.0,
        "Solar": 1336.256483664736,
        "Wind": 200.0
      },
      "French Guiana": {
        "BESS": 0.0,
        "Coal": 0.0,
        "Diesel": 0.0,
        "Gas": 0.0,
        "Solar": 0.0,
        "Wind": 542.0760103403464
      },
      "Guatemala": {
        "BESS": 0.0,
        "Coal": 0.0,
        "Diesel": 0.0,
        "Gas": 0.0,
        "Solar": 2560.528254678342,
        "Wind": 600.0
      },
      "Guyana": {
        "BESS": 0.0,
        "Coal": 0.0,
        "Diesel": 0.0,
        "Gas": 0.0,
        "Solar": 0.0,
        "Wind": 25.0
      },
      "Honduras": {
        "BESS": 0.0,
        "Coal": 0.0,
        "Diesel": 0.0,
        "Gas": 0.0,
        "Solar": 3897.722290208783,
        "Wind": 700.0
      },
      "Mexico": {
        "BESS": 8256.505449928954,
        "Coal": 0.0,
        "Diesel": 0.0,
        "Gas": 0.0,
        "Solar": 65587.42395367897,
        "Wind": 47200.0
      },
      "Nicaragua": {
        "BESS": 0.0,
        "Coal": 0.0,
        "Diesel": 0.0,
        "Gas": 0.0,
        "Solar": 866.0622854750112,
        "Wind": 0.0
      },
      "Panama": {
        "BESS": 0.0,
        "Coal": 0.0,
        "Diesel": 0.0,
        "Gas": 0.0,
        "Solar": 0.0,
        "Wind": 1152.0
      },
      "Paraguay": {
        "BESS": 0.0,
        "Coal": 0.0,
        "Diesel": 0.0,
        "Gas": 0.0,
        "Solar": 0.0,
        "Wind": 0.0
      },
      "Peru": {
        "BESS": 0.0,
        "Coal": 0.0,
        "Diesel": 0.0,
        "Gas": 0.0,
        "Solar": 1163.926225366941,
        "Wind": 3658.0
      },
      "Suriname": {
        "BESS": 0.0,
        "Coal": 0.0,
        "Diesel": 0.0,
        "Gas": 0.0,
        "Solar": 0.0,
        "Wind": 541.4828969341767
      },
      "Uruguay": {
        "BESS": 0.0,
        "Coal": 0.0,
        "Diesel": 0.0,
        "Gas": 0.0,
        "Solar": 0.0,
        "Wind": 84009.74514785803
      },
      "Venezuela": {
        "BESS": 0.0,
        "Coal": 0.0,
        "Diesel": 0.0,
        "Gas": 0.0,
        "Solar": 4849.513209033797,
        "Wind": 10000.0
      }
    }
  },
  "transmission": {
    "lines": [
      {
        "id": "PA-CO",
        "newCapacityMW": 15455.6730824494
      },
      {
        "id": "PA-CR",
        "newCapacityMW": 14156.38948998547
      },
      {
        "id": "BR-PY",
        "newCapacityMW": 0.0
      },
      {
        "id": "BR-UY",
        "newCapacityMW": 37691.71684387299
      },
      {
        "id": "BR-AR",
        "newCapacityMW": 0.0
      },
      {
        "id": "BR-BO",
        "newCapacityMW": 13420.85960667345
      },
      {
        "id": "BR-VE",
        "newCapacityMW": 18383.45325784069
      },
      {
        "id": "BR-FG",
        "newCapacityMW": 317.1718641629385
      },
      {
        "id": "BR-GY",
        "newCapacityMW": 358.2096273699229
      },
      {
        "id": "PY-AR",
        "newCapacityMW": 0.0
      },
      {
        "id": "PY-BO",
        "newCapacityMW": 5785.176630386592
      },
      {
        "id": "UY-AR",
        "newCapacityMW": 21480.70548871963
      },
      {
        "id": "AR-CL",
        "newCapacityMW": 3632.408333664614
      },
      {
        "id": "AR-BO",
        "newCapacityMW": 1149.509333341588
      },
      {
        "id": "PE-CL",
        "newCapacityMW": 1003.57332890147
      },
      {
        "id": "PE-EC",
        "newCapacityMW": 6975.141407066354
      },
      {
        "id": "PE-BO",
        "newCapacityMW": 15537.61383065795
      },
      {
        "id": "CL-BO",
        "newCapacityMW": 3318.082726741546
      },
      {
        "id": "EC-CO",
        "newCapacityMW": 477.6400890850628
      },
      {
        "id": "CO-VE",
        "newCapacityMW": 22878.21547023222
      },
      {
        "id": "MX-GU",
        "newCapacityMW": 11113.43584679639
      },
      {
        "id": "HO-NI",
        "newCapacityMW": 13024.30023678783
      },
      {
        "id": "HO-ES",
        "newCapacityMW": 11457.82928865248
      },
      {
        "id": "NI-CR",
        "newCapacityMW": 13877.83941176559
      },
      {
        "id": "GU-ES",
        "newCapacityMW": 11077.23298547367
      },
      {
        "id": "FG-SU",
        "newCapacityMW": 188.8113490562193
      },
      {
        "id": "SU-GY",
        "newCapacityMW": 147.7595607971222
      }
    ]
  }
}