{
  "scenarioParameters": {
    "year": 2045,
    "transmission": "Isolated",
    "sovereignty": "WithoutSovereignty",
    "demand": "ElecPlus",
    "hydroAndean": "Low",
    "hydroConoSur": "High"
  },
  "regional": {
    "generationMix": {
      "Solar": 1118.1825489488087,
      "Wind": 1087.843985678513,
      "Hydro_Embalse": 1094.4075567026052,
      "Hydro_Pasada": 99.93171595231829,
      "Coal": 0.0,
      "Gas": 502.65821683725926,
      "Diesel": 6.043872109550564,
      "Nuclear": 39.016936336895554
    }
  },
  "countries": {
    "AR": {
      "generationMix": {
        "Solar": 193.4127939096659,
        "Wind": 19.20882800804254,
        "Hydro_Embalse": 23.02023070176965,
        "Hydro_Pasada": 3.178000133982752,
        "Coal": 0,
        "Gas": 94.51389191907543,
        "Diesel": 0.5270635811354116,
        "Nuclear": 13.18511401142256
      }
    },
    "BO": {
      "generationMix": {
        "Solar": 18.1688935784832,
        "Wind": 19.56210317182326,
        "Hydro_Embalse": 2.572166962454098,
        "Hydro_Pasada": 0.5008884030495819,
        "Coal": 0,
        "Gas": 2.410715852830819,
        "Diesel": 0.04847873276246021,
        "Nuclear": 0.0
      }
    },
    "BR": {
      "generationMix": {
        "Solar": 110.673466312867,
        "Wind": 642.9964001095265,
        "Hydro_Embalse": 692.7085379938678,
        "Hydro_Pasada": 52.380456951435,
        "Coal": 0,
        "Gas": 43.52798175065639,
        "Diesel": 1.699459014456053,
        "Nuclear": 14.7305743665332
      }
    },
    "BZ": {
      "generationMix": {
        "Solar": 0.02233463466037498,
        "Wind": 1.212958802060392,
        "Hydro_Embalse": 0.2285714285714286,
        "Hydro_Pasada": 0.0342857142857118,
        "Coal": 0,
        "Gas": 4.71644249154261,
        "Diesel": 0.03327812279146464,
        "Nuclear": 0.0
      }
    },
    "CL": {
      "generationMix": {
        "Solar": 110.7534447084662,
        "Wind": 88.26119779811013,
        "Hydro_Embalse": 13.16949986668984,
        "Hydro_Pasada": 5.481078135892167,
        "Coal": 0,
        "Gas": 6.848556439842917,
        "Diesel": 0.08402296188000384,
        "Nuclear": 0.0
      }
    },
    "CO": {
      "generationMix": {
        "Solar": 134.8975606376547,
        "Wind": 34.29184558251293,
        "Hydro_Embalse": 31.06134967140216,
        "Hydro_Pasada": 9.477509313504818,
        "Coal": 0,
        "Gas": 22.54277994119962,
        "Diesel": 0.03048863490234749,
        "Nuclear": 0.0
      }
    },
    "CR": {
      "generationMix": {
        "Solar": 0.1018669777538715,
        "Wind": 9.098766769786153,
        "Hydro_Embalse": 11.75241644921703,
        "Hydro_Pasada": 1.758108902624342,
        "Coal": 0,
        "Gas": 5.89648874858166,
        "Diesel": 0.1017151751012279,
        "Nuclear": 0.0
      }
    },
    "EC": {
      "generationMix": {
        "Solar": 80.96945414058042,
        "Wind": 1.744646901137769,
        "Hydro_Embalse": 12.04086391575326,
        "Hydro_Pasada": 3.674944208422692,
        "Coal": 0,
        "Gas": 35.43640996714129,
        "Diesel": 0.02169679344325561,
        "Nuclear": 0.0
      }
    },
    "ES": {
      "generationMix": {
        "Solar": 11.59184517533699,
        "Wind": 0.8018084454763733,
        "Hydro_Embalse": 2.984628919903244,
        "Hydro_Pasada": 0.6835862516290541,
        "Coal": 0,
        "Gas": 1.869826994214667,
        "Diesel": 0.0,
        "Nuclear": 0.0
      }
    },
    "FG": {
      "generationMix": {
        "Solar": 0.248787131777981,
        "Wind": 1.217033922423616,
        "Hydro_Embalse": 0.8190146452283996,
        "Hydro_Pasada": 0.0231783201916694,
        "Coal": 0,
        "Gas": 0.6995221474625477,
        "Diesel": 0.01473334714014444,
        "Nuclear": 0.0
      }
    },
    "GU": {
      "generationMix": {
        "Solar": 22.97263086884061,
        "Wind": 2.274881780233999,
        "Hydro_Embalse": 6.39763503380027,
        "Hydro_Pasada": 1.742505454823805,
        "Coal": 0,
        "Gas": 6.952602313242011,
        "Diesel": 0.0005368360276274486,
        "Nuclear": 0.0
      }
    },
    "GY": {
      "generationMix": {
        "Solar": 0.02247685,
        "Wind": 0.08108243185639058,
        "Hydro_Embalse": 5e-06,
        "Hydro_Pasada": 9.99999999999928e-07,
        "Coal": 0,
        "Gas": 1.829523132056827,
        "Diesel": 0.01660250189079848,
        "Nuclear": 0.0
      }
    },
    "HO": {
      "generationMix": {
        "Solar": 29.79018196082396,
        "Wind": 2.853384068771279,
        "Hydro_Embalse": 4.199789695151789,
        "Hydro_Pasada": 1.354249122961446,
        "Coal": 0,
        "Gas": 11.59304802342294,
        "Diesel": 0.01704182728340484,
        "Nuclear": 0.0
      }
    },
    "MX": {
      "generationMix": {
        "Solar": 353.3361007069682,
        "Wind": 198.5722536720967,
        "Hydro_Embalse": 66.20458930044921,
        "Hydro_Pasada": 6.027538787306134,
        "Coal": 0,
        "Gas": 93.73481416273525,
        "Diesel": 0.0,
        "Nuclear": 11.10124795893979
      }
    },
    "NI": {
      "generationMix": {
        "Solar": 9.83235460690132,
        "Wind": 0.4665787256857157,
        "Hydro_Embalse": 0.7045861127890234,
        "Hydro_Pasada": 0.228373787424181,
        "Coal": 0,
        "Gas": 4.008558173517679,
        "Diesel": 0.0008215918254705764,
        "Nuclear": 0.0
      }
    },
    "PA": {
      "generationMix": {
        "Solar": 3.317252769999999,
        "Wind": 4.829846037447079,
        "Hydro_Embalse": 11.27271758697862,
        "Hydro_Pasada": 2.360421296666495,
        "Coal": 0,
        "Gas": 17.18011348329961,
        "Diesel": 0.1926661232359982,
        "Nuclear": 0.0
      }
    },
    "PE": {
      "generationMix": {
        "Solar": 16.45002802833332,
        "Wind": 18.55162519300553,
        "Hydro_Embalse": 25.43783770073449,
        "Hydro_Pasada": 9.64197876261147,
        "Coal": 0,
        "Gas": 146.0090709016303,
        "Diesel": 3.233347116093375,
        "Nuclear": 0.0
      }
    },
    "PY": {
      "generationMix": {
        "Solar": 21.18242931376218,
        "Wind": 0.0,
        "Hydro_Embalse": 72.68232932754873,
        "Hydro_Pasada": 0.4942888227956772,
        "Coal": 0,
        "Gas": 0.0,
        "Diesel": 0.006575767509126727,
        "Nuclear": 0.0
      }
    },
    "SU": {
      "generationMix": {
        "Solar": 0.01722307368839569,
        "Wind": 3.334859645655456,
        "Hydro_Embalse": 1.217904751674755,
        "Hydro_Pasada": 0.01479374999999893,
        "Coal": 0,
        "Gas": 2.02341862983988,
        "Diesel": 0.01429398207239279,
        "Nuclear": 0.0
      }
    },
    "UY": {
      "generationMix": {
        "Solar": 0.4214235622442307,
        "Wind": 38.4610240098134,
        "Hydro_Embalse": 6.841236824937003,
        "Hydro_Pasada": 0.1499831402776798,
        "Coal": 0,
        "Gas": 0.1017274294110559,
        "Diesel": 0.00105,
        "Nuclear": 0.0
      }
    },
    "VE": {
      "generationMix": {
        "Solar": 0.0,
        "Wind": 0.02286060304804247,
        "Hydro_Embalse": 109.0916448136846,
        "Hydro_Pasada": 0.7255456924335982,
        "Coal": 0,
        "Gas": 0.7627243355558456,
        "Diesel": 0.0,
        "Nuclear": 0.0
      }
    }
  },
  "staticLines": [
    {
      "id": "PA-CR",
      "from": "Panama",
      "to": "Costa Rica",
      "existingCapacity": 300.0,
      "coordinates": {
        "c1": "(9.51102,-84.57103)",
        "c2": "(8.07574,-82.2729)"
      }
    },
    {
      "id": "BR-UY",
      "from": "Brazil",
      "to": "Uruguay",
      "existingCapacity": 570.0,
      "coordinates": {
        "c1": "(-24.26318,-49.54945)",
        "c2": "(-33.02693,-55.40152)"
      }
    },
    {
      "id": "BR-AR",
      "from": "Brazil",
      "to": "Argentina",
      "existingCapacity": 2250.0,
      "coordinates": {
        "c1": "(-24.26318,-49.54945)",