{
  "scenarioParameters": {
    "year": 2045,
    "transmission": "Integrated",
    "sovereignty": "WithSovereignty",
    "demand": "ElecPlus",
    "hydroAndean": "Low",
    "hydroConoSur": "High"
  },
  "regional": {
    "generationMix": {
      "Solar": 999.9050422716351,
      "Wind": 1548.740810146833,
      "Hydro_Embalse": 1119.6238115607973,
      "Hydro_Pasada": 113.56723052099979,
      "Coal": 0.0,
      "Gas": 108.18732356703057,
      "Diesel": 0.04183262443583443,
      "Nuclear": 44.541938541354924
    }
  },
  "countries": {
    "AR": {
      "generationMix": {
        "Solar": 208.6623230142459,
        "Wind": 19.24958550417228,
        "Hydro_Embalse": 23.02023070176964,
        "Hydro_Pasada": 3.673293388883509,
        "Coal": 0,
        "Gas": 11.04014426304729,
        "Diesel": 0.0,
        "Nuclear": 15.19152402775492
      }
    },
    "BO": {
      "generationMix": {
        "Solar": 0.475472599664515,
        "Wind": 117.2701008854236,
        "Hydro_Embalse": 2.572166962454097,
        "Hydro_Pasada": 0.6236212482769303,
        "Coal": 0,
        "Gas": 2.058490045060082,
        "Diesel": 0.0,
        "Nuclear": 0.0
      }
    },
    "BR": {
      "generationMix": {
        "Solar": 184.7020916060222,
        "Wind": 717.9307836215022,
        "Hydro_Embalse": 692.7085379938675,
        "Hydro_Pasada": 57.71629021923986,
        "Coal": 0,
        "Gas": 14.32179223597594,
        "Diesel": 0.0,
        "Nuclear": 17.4324
      }
    },
    "BZ": {
      "generationMix": {
        "Solar": 0.02233463466037498,
        "Wind": 1.212958802060392,
        "Hydro_Embalse": 0.2285714285714286,
        "Hydro_Pasada": 0.0342857142857118,
        "Coal": 0,
        "Gas": 4.725916364945425,
        "Diesel": 0.02389602410277367,
        "Nuclear": 0.0
      }
    },
    "CL": {
      "generationMix": {
        "Solar": 96.07506715628563,
        "Wind": 99.23594910838686,
        "Hydro_Embalse": 13.16949986668983,
        "Hydro_Pasada": 7.09323101776423,
        "Coal": 0,
        "Gas": 0.0657682449316847,
        "Diesel": 0.0,
        "Nuclear": 0.0
      }
    },
    "CO": {
      "generationMix": {
        "Solar": 42.45858812681381,
        "Wind": 40.27424416707107,
        "Hydro_Embalse": 31.06134967140219,
        "Hydro_Pasada": 11.48460077382656,
        "Coal": 0,
        "Gas": 0.01311645136375598,
        "Diesel": 0.0,
        "Nuclear": 0.0
      }
    },
    "CR": {
      "generationMix": {
        "Solar": 0.1396772756934499,
        "Wind": 9.098766769786153,
        "Hydro_Embalse": 12.24648,
        "Hydro_Pasada": 2.127272727272573,
        "Coal": 0,
        "Gas": 0.0,
        "Diesel": 0.0,
        "Nuclear": 0.0
      }
    },
    "EC": {
      "generationMix": {
        "Solar": 87.58572217989101,
        "Wind": 1.744646901137769,
        "Hydro_Embalse": 12.04086391575326,
        "Hydro_Pasada": 4.409505561938578,
        "Coal": 0,
        "Gas": 0.024,
        "Diesel": 0.003340661779595371,
        "Nuclear": 0.0
      }
    },
    "ES": {
      "generationMix": {
        "Solar": 8.052117097560297,
        "Wind": 0.7996906549182616,
        "Hydro_Embalse": 3.72594196042064,
        "Hydro_Pasada": 0.8644280307983141,
        "Coal": 0,
        "Gas": 0.0038,
        "Diesel": 0.0,
        "Nuclear": 0.0
      }
    },
    "FG": {
      "generationMix": {
        "Solar": 0.1304163,
        "Wind": 2.257971607934837,
        "Hydro_Embalse": 0.945,
        "Hydro_Pasada": 0.03044999999999779,
        "Coal": 0,
        "Gas": 0.0,
        "Diesel": 0.0,
        "Nuclear": 0.0
      }
    },
    "GU": {
      "generationMix": {
        "Solar": 19.15406527764561,
        "Wind": 2.274881780233999,
        "Hydro_Embalse": 7.516767500000001,
        "Hydro_Pasada": 2.103377092846119,
        "Coal": 0,
        "Gas": 0.0,
        "Diesel": 0.0,
        "Nuclear": 0.0
      }
    },
    "GY": {
      "generationMix": {
        "Solar": 0.02247685,
        "Wind": 0.08108243185639058,
        "Hydro_Embalse": 5e-06,
        "Hydro_Pasada": 9.99999999999928e-07,
        "Coal": 0,
        "Gas": 0.0,
        "Diesel": 0.0,
        "Nuclear": 0.0
      }
    },
    "HO": {
      "generationMix": {
        "Solar": 28.07276252638665,
        "Wind": 2.86740820969773,
        "Hydro_Embalse": 5.163795,
        "Hydro_Pasada": 1.678442682047463,
        "Coal": 0,
        "Gas": 0.0005,
        "Diesel": 0.0,
        "Nuclear": 0.0
      }
    },
    "MX": {
      "generationMix": {
        "Solar": 287.5097103616175,
        "Wind": 212.8249501922735,
        "Hydro_Embalse": 70.89078191717459,
        "Hydro_Pasada": 6.499313598268248,
        "Coal": 0,
        "Gas": 63.988495199278,
        "Diesel": 0.004123951818484475,
        "Nuclear": 11.9180145136
      }
    },
    "NI": {
      "generationMix": {
        "Solar": 9.646118507522294,
        "Wind": 0.6048333406739829,
        "Hydro_Embalse": 0.84048,
        "Hydro_Pasada": 0.2744195495704469,
        "Coal": 0,
        "Gas": 0.0,
        "Diesel": 0.0,
        "Nuclear": 0.0
      }
    },
    "PA": {
      "generationMix": {
        "Solar": 0.9524073499999998,
        "Wind": 4.829846037447079,
        "Hydro_Embalse": 11.28288,
        "Hydro_Pasada": 2.384516129032085,
        "Coal": 0,
        "Gas": 0.002649616357845422,
        "Diesel": 0.0,
        "Nuclear": 0.0
      }
    },
    "PE": {
      "generationMix": {
        "Solar": 16.45002802833332,
        "Wind": 18.55162519300553,
        "Hydro_Embalse": 25.43783770073448,
        "Hydro_Pasada": 9.64197876261147,
        "Coal": 0,
        "Gas": 11.94265114607055,
        "Diesel": 0.0,
        "Nuclear": 0.0
      }
    },
    "PY": {
      "generationMix": {
        "Solar": 9.385959244409584,
        "Wind": 0.0,
        "Hydro_Embalse": 73.31682,
        "Hydro_Pasada": 0.5209177381525723,
        "Coal": 0,
        "Gas": 0.0,
        "Diesel": 0.00738134916916134,
        "Nuclear": 0.0
      }
    },
    "SU": {
      "generationMix": {
        "Solar": 0.02121803488292298,
        "Wind": 3.704858407700244,
        "Hydro_Embalse": 1.450664137639754,
        "Hydro_Pasada": 0.01860475663461308,
        "Coal": 0,
        "Gas": 0.0,
        "Diesel": 0.003090637565819572,
        "Nuclear": 0.0
      }
    },
    "UY": {
      "generationMix": {
        "Solar": 0.3864860999999999,
        "Wind": 260.2864107715186,
        "Hydro_Embalse": 6.841236824937004,
        "Hydro_Pasada": 0.1811072795506548,
        "Coal": 0,
        "Gas": 0.0,
        "Diesel": 0.0,
        "Nuclear": 0.0
      }
    },
    "VE": {
      "generationMix": {
        "Solar": 0.0,
        "Wind": 33.64021576003261,
        "Hydro_Embalse": 125.1639009793831,
        "Hydro_Pasada": 2.207573249999841,
        "Coal": 0,
        "Gas": 0.0,
        "Diesel": 0.0,
        "Nuclear": 0.0
      }
    }
  },
  "staticLines": [
    {
      "id": "PA-CR",
      "from": "Panama",
      "to": "Costa Rica",
      "existingCapacity": 300.0,
      "coordinates": {
        "c1": "(9.51102,-84.57103)",
        "c2": "(8.07574,-82.2729)"
      }
    },
    {
      "id": "BR-UY",
      "from": "Brazil",
      "to": "Uruguay",
      "existingCapacity": 570.0,
      "coordinates": {
        "c1": "(-24.26318,-49.54945)",
        "c2": "(-33.02693,-55.40152)"
      }
    },
    {
      "id": "BR-AR",
      "from": "Brazil",
      "to": "Argentina",
      "existingCapacity": 2250.0,
      "coordinates": {
        "c1": "(-24.26318,-49.54945)",
        "c2": "(-31.3157,-66.22498)"
      }
    },
    {
      "id": "PY-AR",
      "from": "Paraguay",
      "to": "Argentina",
      "existingCapacity": 3200.0,
      "coordinates": {
        "c1": "(-23.09956,-57.84811)",
        "c2": "(-31.3157,-66.22498)"
      }
    },
    {
      "id": "UY-AR",
      "from": "Uruguay",
      "to": "Argentina",
      "existingCapacity": 3990.0,
      "coordinates": {
        "c1": "(-33.02693,-55.40152)",