
{
  "generation": {
    "regional": {
      "BESS": 119008.75253895971,
      "Coal": 0.0,
      "Diesel": 1261.0545450886725,
      "Gas": 34365.670051676796,
      "Solar": 453568.8502317972,
      "Wind": 269342.04356382304
    },
    "countries": {
      "Argentina": {
        "BESS": 20022.32307352711,
        "Coal": 0.0,
        "Diesel": 0.0,
        "Gas": 0.0,
        "Solar": 87439.02154697927,
        "Wind": 1282.0
      },
      "Belize": {
        "BESS": 0.0,
        "Coal": 0.0,
        "Diesel": 0.0,
        "Gas": 748.5197705718888,
        "Solar": 0.0,
        "Wind": 411.0
      },
      "Bolivia": {
        "BESS": 3164.206827712503,
        "Coal": 0.0,
        "Diesel": 255.3529165311033,
        "Gas": 0.0,
        "Solar": 6354.620158868168,
        "Wind": 5246.87234564655
      },
      "Brazil": {
        "BESS": 650.512981453423,
        "Coal": 0.0,
        "Diesel": 0.0,
        "Gas": 10000.0,
        "Solar": 57000.0,
        "Wind": 160185.0
      },
      "Chile": {
        "BESS": 12992.10083247098,
        "Coal": 0.0,
        "Diesel": 0.0,
        "Gas": 0.0,
        "Solar": 34233.04273453505,
        "Wind": 21459.0
      },
      "Colombia": {
        "BESS": 12529.36025123856,
        "Coal": 0.0,
        "Diesel": 0.0,
        "Gas": 405.2569120274675,
        "Solar": 36790.37602851659,
        "Wind": 11968.0
      },
      "Costa Rica": {
        "BESS": 103.7546440708516,
        "Coal": 0.0,
        "Diesel": 0.0,
        "Gas": 1287.185910662224,
        "Solar": 0.0,
        "Wind": 2300.0
      },
      "Ecuador": {
        "BESS": 10262.74239514775,
        "Coal": 0.0,
        "Diesel": 0.0,
        "Gas": 3497.135437398028,
        "Solar": 31076.66359628649,
        "Wind": 410.0
      },
      "El Salvador": {
        "BESS": 1405.782789617287,
        "Coal": 0.0,
        "Diesel": 0.0,
        "Gas": 0.0,
        "Solar": 5096.472942242569,
        "Wind": 200.0
      },
      "French Guiana": {
        "BESS": 33.1533823950917,
        "Coal": 0.0,
        "Diesel": 0.0,
        "Gas": 172.2358635904018,
        "Solar": 55.0,
        "Wind": 398.5016282286613
      },
      "Guatemala": {
        "BESS": 3291.636048240376,
        "Coal": 0.0,
        "Diesel": 0.0,
        "Gas": 1593.573434025967,
        "Solar": 11141.47527388502,
        "Wind": 600.0
      },
      "Guyana": {
        "BESS": 0.0,
        "Coal": 0.0,
        "Diesel": 0.0,
        "Gas": 262.6540270243151,
        "Solar": 0.0,
        "Wind": 25.0
      },
      "Honduras": {
        "BESS": 3986.799432953848,
        "Coal": 0.0,
        "Diesel": 0.0,
        "Gas": 2120.329246823463,
        "Solar": 14508.10871604133,
        "Wind": 700.0
      },
      "Mexico": {
        "BESS": 39925.07389514982,
        "Coal": 0.0,
        "Diesel": 0.0,
        "Gas": 0.0,
        "Solar": 135408.9423035019,
        "Wind": 47200.0
      },
      "Nicaragua": {
        "BESS": 1226.918310990137,
        "Coal": 0.0,
        "Diesel": 0.0,
        "Gas": 798.3813747266222,
        "Solar": 5001.901979747563,
        "Wind": 0.0
      },
      "Panama": {
        "BESS": 0.0,
        "Coal": 0.0,
        "Diesel": 0.0,
        "Gas": 2996.082361453126,
        "Solar": 1316.0,
        "Wind": 1152.0
      },
      "Paraguay": {
        "BESS": 5063.817202793636,
        "Coal": 0.0,
        "Diesel": 0.0,
        "Gas": 0.0,
        "Solar": 21776.22495119322,
        "Wind": 0.0
      },
      "Peru": {
        "BESS": 2646.635876025283,
        "Coal": 0.0,
        "Diesel": 1005.701628557569,
        "Gas": 10000.0,
        "Solar": 6371.0,
        "Wind": 3658.0
      },
      "Suriname": {
        "BESS": 83.42653138948384,
        "Coal": 0.0,
        "Diesel": 0.0,
        "Gas": 484.3157133732905,
        "Solar": 0.0,
        "Wind": 1126.072656629317
      },
      "Uruguay": {
        "BESS": 1215.164010246142,
        "Coal": 0.0,
        "Diesel": 0.0,
        "Gas": 0.0,
        "Solar": 0.0,
        "Wind": 11020.59693331849
      },
      "Venezuela": {
        "BESS": 405.3440535374273,
        "Coal": 0.0,
        "Diesel": 0.0,
        "Gas": 0.0,
        "Solar": 0.0,
        "Wind": 0.0
      }
    }
  },
  "transmission": {
    "lines": [
      {
        "id": "PA-CO",
        "newCapacityMW": 0
      },
      {
        "id": "PA-CR",
        "newCapacityMW": 0
      },
      {
        "id": "BR-PY",
        "newCapacityMW": 0
      },
      {
        "id": "BR-UY",
        "newCapacityMW": 0
      },
      {
        "id": "BR-AR",
        "newCapacityMW": 0
      },
      {
        "id": "BR-BO",
        "newCapacityMW": 0
      },
      {
        "id": "BR-VE",
        "newCapacityMW": 0
      },
      {
        "id": "BR-FG",
        "newCapacityMW": 0
      },
      {
        "id": "BR-GY",
        "newCapacityMW": 0
      },
      {
        "id": "PY-AR",
        "newCapacityMW": 0
      },
      {
        "id": "PY-BO",
        "newCapacityMW": 0
      },
      {
        "id": "UY-AR",
        "newCapacityMW": 0
      },
      {
        "id": "AR-CL",
        "newCapacityMW": 0
      },
      {
        "id": "AR-BO",
        "newCapacityMW": 0
      },
      {
        "id": "PE-CL",
        "newCapacityMW": 0
      },
      {
        "id": "PE-EC",
        "newCapacityMW": 0
      },
      {
        "id": "PE-BO",
        "newCapacityMW": 0
      },
      {
        "id": "CL-BO",
        "newCapacityMW": 0
      },
      {
        "id": "EC-CO",
        "newCapacityMW": 0
      },
      {
        "id": "CO-VE",
        "newCapacityMW": 0
      },
      {
        "id": "MX-GU",
        "newCapacityMW": 0
      },
      {
        "id": "HO-NI",
        "newCapacityMW": 0
      },
      {
        "id": "HO-ES",
        "newCapacityMW": 0
      },
      {
        "id": "NI-CR",
        "newCapacityMW": 0
      },
      {
        "id": "GU-ES",
        "newCapacityMW": 0
      },
      {
        "id": "FG-SU",
        "newCapacityMW": 0
      },
      {
        "id": "SU-GY",
        "newCapacityMW": 0
      }
    ]
  }
}