{
  "scenarioParameters": {
    "year": 2045,
    "transmission": "Integrated",
    "sovereignty": "WithoutSovereignty",
    "demand": "ElecPlus",
    "hydroAndean": "Low",
    "hydroConoSur": "High"
  },
  "regional": {
    "generationMix": {
      "Solar": 773.1863561061091,
      "Wind": 1624.831405329166,
      "Hydro_Embalse": 1119.7779919044617,
      "Hydro_Pasada": 113.20790774265906,
      "Coal": 0.0,
      "Gas": 236.47426757125535,
      "Diesel": 0.8829939224426995,
      "Nuclear": 44.64041909798356
    }
  },
  "countries": {
    "AR": {
      "generationMix": {
        "Solar": 64.29322815422285,
        "Wind": 19.25745587411186,
        "Hydro_Embalse": 23.02023070176965,
        "Hydro_Pasada": 3.708581688344234,
        "Coal": 0,
        "Gas": 53.99327845541737,
        "Diesel": 0.0802841100764623,
        "Nuclear": 15.33
      }
    },
    "BO": {
      "generationMix": {
        "Solar": 145.8838548661614,
        "Wind": 111.7911316282256,
        "Hydro_Embalse": 2.572166962454097,
        "Hydro_Pasada": 0.5708848891168126,
        "Coal": 0,
        "Gas": 5.638475547162376,
        "Diesel": 0.006025446964120838,
        "Nuclear": 0.0
      }
    },
    "BR": {
      "generationMix": {
        "Solar": 59.08536874166663,
        "Wind": 717.9307836215022,
        "Hydro_Embalse": 692.7085379938674,
        "Hydro_Pasada": 57.71629021923986,
        "Coal": 0,
        "Gas": 62.81414191843344,
        "Diesel": 0.1994173351022283,
        "Nuclear": 17.4324
      }
    },
    "BZ": {
      "generationMix": {
        "Solar": 0.02233463466037498,
        "Wind": 1.212958802060392,
        "Hydro_Embalse": 0.2285714285714286,
        "Hydro_Pasada": 0.0342857142857118,
        "Coal": 0,
        "Gas": 4.71644249154261,
        "Diesel": 0.03327812279146464,
        "Nuclear": 0.0
      }
    },
    "CL": {
      "generationMix": {
        "Solar": 86.22813195666436,
        "Wind": 99.23594910838686,
        "Hydro_Embalse": 13.16949986668985,
        "Hydro_Pasada": 6.553474096469609,
        "Coal": 0,
        "Gas": 1.424451770500179,
        "Diesel": 0.1085024584040198,
        "Nuclear": 0.0
      }
    },
    "CO": {
      "generationMix": {
        "Solar": 1.778344889434929,
        "Wind": 40.27424416707107,
        "Hydro_Embalse": 31.06134967140218,
        "Hydro_Pasada": 11.48460077382656,
        "Coal": 0,
        "Gas": 1.298264793286948,
        "Diesel": 0.029,
        "Nuclear": 0.0
      }
    },
    "CR": {
      "generationMix": {
        "Solar": 0.1396772756934499,
        "Wind": 9.098766769786153,
        "Hydro_Embalse": 12.24648,
        "Hydro_Pasada": 2.127272727272573,
        "Coal": 0,
        "Gas": 0.0,
        "Diesel": 0.0038,
        "Nuclear": 0.0
      }
    },
    "EC": {
      "generationMix": {
        "Solar": 18.399743405088,
        "Wind": 1.744646901137769,
        "Hydro_Embalse": 12.04086391575326,
        "Hydro_Pasada": 4.655700477438264,
        "Coal": 0,
        "Gas": 0.5851222513111274,
        "Diesel": 0.2326238508186712,
        "Nuclear": 0.0
      }
    },
    "ES": {
      "generationMix": {
        "Solar": 8.24878947325974,
        "Wind": 0.8020241844833328,
        "Hydro_Embalse": 3.7427625,
        "Hydro_Pasada": 0.8687346329468989,
        "Coal": 0,
        "Gas": 0.2318555273376821,
        "Diesel": 0.0055,
        "Nuclear": 0.0
      }
    },
    "FG": {
      "generationMix": {
        "Solar": 0.1304163,
        "Wind": 8.052991400939172,
        "Hydro_Embalse": 0.94608,
        "Hydro_Pasada": 0.0304847999999978,
        "Coal": 0,
        "Gas": 0.0,
        "Diesel": 0.00075,
        "Nuclear": 0.0
      }
    },
    "GU": {
      "generationMix": {
        "Solar": 0.2195223399209999,
        "Wind": 2.274881780233999,
        "Hydro_Embalse": 7.564260000000001,
        "Hydro_Pasada": 2.116666666666514,
        "Coal": 0,
        "Gas": 0.0,
        "Diesel": 0.0063,
        "Nuclear": 0.0
      }
    },
    "GY": {
      "generationMix": {
        "Solar": 0.02247685,
        "Wind": 0.08108243185639058,
        "Hydro_Embalse": 5e-06,
        "Hydro_Pasada": 9.99999999999928e-07,
        "Coal": 0,
        "Gas": 0.0,
        "Diesel": 0.001580331595616557,
        "Nuclear": 0.0
      }
    },
    "HO": {
      "generationMix": {
        "Solar": 20.21091762650353,
        "Wind": 2.876170381248549,
        "Hydro_Embalse": 5.180849359657087,
        "Hydro_Pasada": 1.683249218937634,
        "Coal": 0,
        "Gas": 0.0265,
        "Diesel": 0.0081,
        "Nuclear": 0.0
      }
    },
    "MX": {
      "generationMix": {
        "Solar": 342.8842609745786,
        "Wind": 207.1374583111441,
        "Hydro_Embalse": 70.99750463156298,
        "Hydro_Pasada": 6.45084252370568,
        "Coal": 0,
        "Gas": 72.51096755549264,
        "Diesel": 0.0,
        "Nuclear": 11.87801909798356
      }
    },
    "NI": {
      "generationMix": {
        "Solar": 7.022585739136701,
        "Wind": 0.6055437782493162,
        "Hydro_Embalse": 0.84096,
        "Hydro_Pasada": 0.2745762711864209,
        "Coal": 0,
        "Gas": 0.0,
        "Diesel": 0.0045,
        "Nuclear": 0.0
      }
    },
    "PA": {
      "generationMix": {
        "Solar": 0.9524073499999998,
        "Wind": 4.829846037447079,
        "Hydro_Embalse": 11.28288,
        "Hydro_Pasada": 2.384516129032085,
        "Coal": 0,
        "Gas": 0.19518643716899,
        "Diesel": 0.00866938450745227,
        "Nuclear": 0.0
      }
    },
    "PE": {
      "generationMix": {
        "Solar": 8.685854456459394,
        "Wind": 18.55162519300553,
        "Hydro_Embalse": 25.43783770073449,
        "Hydro_Pasada": 9.64197876261147,
        "Coal": 0,
        "Gas": 30.3809716618987,
        "Diesel": 0.1284952399044084,
        "Nuclear": 0.0
      }
    },
    "PY": {
      "generationMix": {
        "Solar": 0.0,
        "Wind": 0.0,
        "Hydro_Embalse": 73.31682,
        "Hydro_Pasada": 0.5209177381525723,
        "Coal": 0,
        "Gas": 0.0,
        "Diesel": 0.002032396390638664,
        "Nuclear": 0.0
      }
    },
    "SU": {
      "generationMix": {
        "Solar": 0.02093935,
        "Wind": 6.57933510236409,
        "Hydro_Embalse": 1.41183534706253,
        "Hydro_Pasada": 0.01801396711149912,
        "Coal": 0,
        "Gas": 0.0,
        "Diesel": 0.003485245887616434,
        "Nuclear": 0.0
      }
    },
    "UY": {
      "generationMix": {
        "Solar": 0.43533732057032,
        "Wind": 338.8542940958801,
        "Hydro_Embalse": 6.841236824937002,
        "Hydro_Pasada": 0.1580014463148103,
        "Coal": 0,
        "Gas": 0.1754127626323554,
        "Diesel": 0.00105,
        "Nuclear": 0.0
      }
    },
    "VE": {
      "generationMix": {
        "Solar": 8.52216440208764,
        "Wind": 33.64021576003261,
        "Hydro_Embalse": 125.16726,
        "Hydro_Pasada": 2.20883399999984,
        "Coal": 0,
        "Gas": 2.483196399070957,
        "Diesel": 0.0196,
        "Nuclear": 0.0
      }
    }
  },
  "staticLines": [
    {
      "id": "PA-CR",
      "from": "Panama",
      "to": "Costa Rica",
      "existingCapacity": 300.0,
      "coordinates": {
        "c1": "(9.51102,-84.57103)",
        "c2": "(8.07574,-82.2729)"
      }
    },
    {
      "id": "BR-UY",
      "from": "Brazil",
      "to": "Uruguay",
      "existingCapacity": 570.0,
      "coordinates": {
        "c1": "(-24.26318,-49.54945)",
        "c2": "(-33.02693,-55.40152)"
      }
    },
    {
      "id": "BR-AR",
      "from": "Brazil",
      "to": "Argentina",
      "existingCapacity": 2250.0,
      "coordinates": {
        "c1": "(-24.26318,-49.54945)",
        "c2": "(-31.3157,-66.22498)"
      }
    },
    {
      "id": "PY-AR",
      "from": "Paraguay",
      "to": "Argentina",
      "existingCapacity": 3200.0,
      "coordinates": {
        "c1": "(-23.09956,-57.84811)",
        "c2": "(-31.3157,-66.22498)"
      }
    },
    {
      "id": "UY-AR",