{
  "scenarioParameters": {
    "year": 2045,
    "transmission": "Isolated",
    "sovereignty": "WithoutSovereignty",
    "demand": "ElecPlus",
    "hydroAndean": "High",
    "hydroConoSur": "High"
  },
  "regional": {
    "generationMix": {
      "Solar": 1049.9970787254904,
      "Wind": 1095.6321306292966,
      "Hydro_Embalse": 1153.4401701251747,
      "Hydro_Pasada": 120.45071649253516,
      "Coal": 0.0,
      "Gas": 481.6680424379161,
      "Diesel": 6.346677850007921,
      "Nuclear": 38.99817116263509
    }
  },
  "countries": {
    "AR": {
      "generationMix": {
        "Solar": 193.3853273766553,
        "Wind": 19.226186325084,
        "Hydro_Embalse": 23.02023070176964,
        "Hydro_Pasada": 3.177870178292654,
        "Coal": 0,
        "Gas": 94.51840288403025,
        "Diesel": 0.5270635811354115,
        "Nuclear": 13.18600978516397
      }
    },
    "BO": {
      "generationMix": {
        "Solar": 18.16998296559096,
        "Wind": 19.57126035612883,
        "Hydro_Embalse": 2.572166962454098,
        "Hydro_Pasada": 0.5008884030495818,
        "Coal": 0,
        "Gas": 2.411763687969459,
        "Diesel": 0.04847873276246036,
        "Nuclear": 0.0
      }
    },
    "BR": {
      "generationMix": {
        "Solar": 110.8511975914363,
        "Wind": 642.9964001095262,
        "Hydro_Embalse": 692.7085379938678,
        "Hydro_Pasada": 52.47852170866314,
        "Coal": 0,
        "Gas": 43.52242295056298,
        "Diesel": 1.699459014456058,
        "Nuclear": 14.71091341853133
      }
    },
    "BZ": {
      "generationMix": {
        "Solar": 0.02233463466037498,
        "Wind": 1.212958802060392,
        "Hydro_Embalse": 0.2285714285714286,
        "Hydro_Pasada": 0.0342857142857118,
        "Coal": 0,
        "Gas": 4.71644249154261,
        "Diesel": 0.03327812279146464,
        "Nuclear": 0.0
      }
    },
    "CL": {
      "generationMix": {
        "Solar": 110.750866248175,
        "Wind": 88.26277625840139,
        "Hydro_Embalse": 13.16949986668984,
        "Hydro_Pasada": 5.481331582347706,
        "Coal": 0,
        "Gas": 6.848556439842917,
        "Diesel": 0.08402296188000384,
        "Nuclear": 0.0
      }
    },
    "CO": {
      "generationMix": {
        "Solar": 80.02884898955288,
        "Wind": 40.09378940259599,
        "Hydro_Embalse": 72.12083718013135,
        "Hydro_Pasada": 24.12999624313628,
        "Coal": 0,
        "Gas": 13.44434830483094,
        "Diesel": 0.1879533225796913,
        "Nuclear": 0.0
      }
    },
    "CR": {
      "generationMix": {
        "Solar": 0.1021547962655715,
        "Wind": 9.098766769786153,
        "Hydro_Embalse": 11.75224790192809,
        "Hydro_Pasada": 1.756915128301347,
        "Coal": 0,
        "Gas": 5.889386048465012,
        "Diesel": 0.1036026431898391,
        "Nuclear": 0.0
      }
    },
    "EC": {
      "generationMix": {
        "Solar": 69.46000827375093,
        "Wind": 1.744646901137769,
        "Hydro_Embalse": 30.05010723092926,
        "Hydro_Pasada": 9.445423795043267,
        "Coal": 0,
        "Gas": 23.54553599194008,
        "Diesel": 0.1684544614650304,
        "Nuclear": 0.0
      }
    },
    "ES": {
      "generationMix": {
        "Solar": 11.59128769095741,
        "Wind": 0.8018084454763733,
        "Hydro_Embalse": 2.982814043088896,
        "Hydro_Pasada": 0.682941833606254,
        "Coal": 0,
        "Gas": 1.86993996511266,
        "Diesel": 0.0,
        "Nuclear": 0.0
      }
    },
    "FG": {
      "generationMix": {
        "Solar": 0.2486213648660055,
        "Wind": 1.217125484777441,
        "Hydro_Embalse": 0.8186006356907668,
        "Hydro_Pasada": 0.0231783201916694,
        "Coal": 0,
        "Gas": 0.6995221474625477,
        "Diesel": 0.01473334714014444,
        "Nuclear": 0.0
      }
    },
    "GU": {
      "generationMix": {
        "Solar": 22.97310299224421,
        "Wind": 2.274881780233999,
        "Hydro_Embalse": 6.39763503380027,
        "Hydro_Pasada": 1.742033331420205,
        "Coal": 0,
        "Gas": 6.951619411128034,
        "Diesel": 0.0005368360276274596,
        "Nuclear": 0.0
      }
    },
    "GY": {
      "generationMix": {
        "Solar": 0.02247685,
        "Wind": 0.08108243185639058,
        "Hydro_Embalse": 5e-06,
        "Hydro_Pasada": 9.99999999999928e-07,
        "Coal": 0,
        "Gas": 1.829523132056827,
        "Diesel": 0.01660250189079848,
        "Nuclear": 0.0
      }
    },
    "HO": {
      "generationMix": {
        "Solar": 29.79018196082396,
        "Wind": 2.853384068771279,
        "Hydro_Embalse": 4.200101296457381,
        "Hydro_Pasada": 1.354249122961446,
        "Coal": 0,
        "Gas": 11.60113362565357,
        "Diesel": 0.01515435919479392,
        "Nuclear": 0.0
      }
    },
    "MX": {
      "generationMix": {
        "Solar": 351.3797749722979,
        "Wind": 200.5268071376284,
        "Hydro_Embalse": 66.20549209044053,
        "Hydro_Pasada": 6.027873888740627,
        "Coal": 0,
        "Gas": 93.73551497098032,
        "Diesel": 0.0,
        "Nuclear": 11.10124795893979
      }
    },
    "NI": {
      "generationMix": {
        "Solar": 9.83235460690132,
        "Wind": 0.4665787256857157,
        "Hydro_Embalse": 0.7045861127890234,
        "Hydro_Pasada": 0.228373787424181,
        "Coal": 0,
        "Gas": 3.994905063032879,
        "Diesel": 0.0005601790434103043,
        "Nuclear": 0.0
      }
    },
    "PA": {
      "generationMix": {
        "Solar": 3.317252769999999,
        "Wind": 4.829846037447079,
        "Hydro_Embalse": 11.27271758697862,
        "Hydro_Pasada": 2.360421296666495,
        "Coal": 0,
        "Gas": 17.19295281464133,
        "Diesel": 0.1929275360180584,
        "Nuclear": 0.0
      }
    },
    "PE": {
      "generationMix": {
        "Solar": 16.45002802833332,
        "Wind": 18.55162519300553,
        "Hydro_Embalse": 25.43783770073449,
        "Hydro_Pasada": 9.64197876261147,
        "Coal": 0,
        "Gas": 146.013933275628,
        "Diesel": 3.231930500851608,
        "Nuclear": 0.0
      }
    },
    "PY": {
      "generationMix": {
        "Solar": 21.18260343487927,
        "Wind": 0.0,
        "Hydro_Embalse": 72.68540606733485,
        "Hydro_Pasada": 0.4950807429817057,
        "Coal": 0,
        "Gas": 0.0,
        "Diesel": 0.006575767509126717,
        "Nuclear": 0.0
      }
    },
    "SU": {
      "generationMix": {
        "Solar": 0.01718598618839568,
        "Wind": 3.334141770761088,
        "Hydro_Embalse": 1.21740173431719,
        "Hydro_Pasada": 0.01474874999999893,
        "Coal": 0,
        "Gas": 2.02341862983988,
        "Diesel": 0.01429398207239279,
        "Nuclear": 0.0
      }
    },
    "UY": {
      "generationMix": {
        "Solar": 0.4214871919111485,
        "Wind": 38.4652000719524,
        "Hydro_Embalse": 6.841236824937004,
        "Hydro_Pasada": 0.1500544121238417,
        "Coal": 0,
        "Gas": 0.1017274294110558,
        "Diesel": 0.00105,
        "Nuclear": 0.0
      }
    },
    "VE": {
      "generationMix": {
        "Solar": 0.0,
        "Wind": 0.02286455698010196,
        "Hydro_Embalse": 109.0541367322641,
        "Hydro_Pasada": 0.7245484906875894,
        "Coal": 0,
        "Gas": 0.7569931737847333,
        "Diesel": 0.0,
        "Nuclear": 0.0
      }
    }
  },
  "staticLines": [
    {
      "id": "PA-CR",
      "from": "Panama",
      "to": "Costa Rica",
      "existingCapacity": 300.0,
      "coordinates": {
        "c1": "(9.51102,-84.57103)",
        "c2": "(8.07574,-82.2729)"
      }
    },
    {
      "id": "BR-UY",
      "from": "Brazil",
      "to": "Uruguay",
      "existingCapacity": 570.0,
      "coordinates": {
        "c1": "(-24.26318,-49.54945)",
        "c2": "(-33.02693,-55.40152)"
      }
    },
    {
      "id": "BR-AR",
      "from": "Brazil",
      "to": "Argentina",
      "existingCapacity": 2250.0,
      "coordinates": {
        "c1": "(-24.26318,-49.54945)",