{
  "scenarioParameters": {
    "year": 2045,
    "transmission": "Integrated",
    "sovereignty": "WithSovereignty",
    "demand": "ElecPlus",
    "hydroAndean": "Medium",
    "hydroConoSur": "Medium"
  },
  "regional": {
    "generationMix": {
      "Solar": 986.6455173508705,
      "Wind": 1518.5329887681078,
      "Hydro_Embalse": 1146.3044464614954,
      "Hydro_Pasada": 122.8106772329205,
      "Coal": 0.0,
      "Gas": 114.7221679548166,
      "Diesel": 0.05038318771545941,
      "Nuclear": 44.76092924411513
    }
  },
  "countries": {
    "AR": {
      "generationMix": {
        "Solar": 193.4118869916685,
        "Wind": 19.25745587411186,
        "Hydro_Embalse": 23.02023070176963,
        "Hydro_Pasada": 3.67007816712949,
        "Coal": 0,
        "Gas": 12.69055957882231,
        "Diesel": 0.0,
        "Nuclear": 15.2000036551237
      }
    },
    "BO": {
      "generationMix": {
        "Solar": 0.475472599664515,
        "Wind": 117.2701008854236,
        "Hydro_Embalse": 2.572166962454097,
        "Hydro_Pasada": 0.6236212482769303,
        "Coal": 0,
        "Gas": 2.223973627370027,
        "Diesel": 0.0,
        "Nuclear": 0.0
      }
    },
    "BR": {
      "generationMix": {
        "Solar": 182.8532175178046,
        "Wind": 717.9307836215022,
        "Hydro_Embalse": 692.7085379938674,
        "Hydro_Pasada": 57.71629021923986,
        "Coal": 0,
        "Gas": 15.85234406505476,
        "Diesel": 0.0,
        "Nuclear": 17.4324
      }
    },
    "BZ": {
      "generationMix": {
        "Solar": 0.02233463466037498,
        "Wind": 1.212958802060392,
        "Hydro_Embalse": 0.2285714285714286,
        "Hydro_Pasada": 0.0342857142857118,
        "Coal": 0,
        "Gas": 4.725916364945425,
        "Diesel": 0.02389602410277367,
        "Nuclear": 0.0
      }
    },
    "CL": {
      "generationMix": {
        "Solar": 98.01014197356082,
        "Wind": 99.23594910838686,
        "Hydro_Embalse": 13.16949986668986,
        "Hydro_Pasada": 7.09323101776423,
        "Coal": 0,
        "Gas": 0.09087735813919091,
        "Diesel": 0.0,
        "Nuclear": 0.0
      }
    },
    "CO": {
      "generationMix": {
        "Solar": 46.34464428038091,
        "Wind": 40.27424416707107,
        "Hydro_Embalse": 48.08055812008752,
        "Hydro_Pasada": 17.61791390714877,
        "Coal": 0,
        "Gas": 0.04992145224037806,
        "Diesel": 0.0,
        "Nuclear": 0.0
      }
    },
    "CR": {
      "generationMix": {
        "Solar": 0.1396772756934499,
        "Wind": 9.098766769786153,
        "Hydro_Embalse": 12.24648,
        "Hydro_Pasada": 2.127272727272573,
        "Coal": 0,
        "Gas": 0.0,
        "Diesel": 0.0,
        "Nuclear": 0.0
      }
    },
    "EC": {
      "generationMix": {
        "Solar": 85.0406764439608,
        "Wind": 1.744272042475478,
        "Hydro_Embalse": 20.03340482061953,
        "Hydro_Pasada": 7.433623907832844,
        "Coal": 0,
        "Gas": 0.03636695920539739,
        "Diesel": 0.006353636097246513,
        "Nuclear": 0.0
      }
    },
    "ES": {
      "generationMix": {
        "Solar": 7.980627340999331,
        "Wind": 0.8014865028561333,
        "Hydro_Embalse": 3.73552664674494,
        "Hydro_Pasada": 0.8667500878116688,
        "Coal": 0,
        "Gas": 0.0038,
        "Diesel": 0.0,
        "Nuclear": 0.0
      }
    },
    "FG": {
      "generationMix": {
        "Solar": 0.1304163,
        "Wind": 2.137993573162955,
        "Hydro_Embalse": 0.94608,
        "Hydro_Pasada": 0.0304847999999978,
        "Coal": 0,
        "Gas": 0.0,
        "Diesel": 0.0,
        "Nuclear": 0.0
      }
    },
    "GU": {
      "generationMix": {
        "Solar": 19.34009184885838,
        "Wind": 2.274881780233999,
        "Hydro_Embalse": 7.542672500000001,
        "Hydro_Pasada": 2.110625951293607,
        "Coal": 0,
        "Gas": 0.0,
        "Diesel": 0.0,
        "Nuclear": 0.0
      }
    },
    "GY": {
      "generationMix": {
        "Solar": 0.02247685,
        "Wind": 0.08108243185639058,
        "Hydro_Embalse": 5e-06,
        "Hydro_Pasada": 9.99999999999928e-07,
        "Coal": 0,
        "Gas": 0.0,
        "Diesel": 0.0,
        "Nuclear": 0.0
      }
    },
    "HO": {
      "generationMix": {
        "Solar": 27.92125386452654,
        "Wind": 2.863981010670325,
        "Hydro_Embalse": 5.16971,
        "Hydro_Pasada": 1.680365296803531,
        "Coal": 0,
        "Gas": 0.00075,
        "Diesel": 0.0,
        "Nuclear": 0.0
      }
    },
    "MX": {
      "generationMix": {
        "Solar": 288.2195478638494,
        "Wind": 214.3134860754764,
        "Hydro_Embalse": 72.50161204079038,
        "Hydro_Pasada": 6.575503193839302,
        "Coal": 0,
        "Gas": 65.94886223377189,
        "Diesel": 0.007531274017119154,
        "Nuclear": 12.12852558899143
      }
    },
    "NI": {
      "generationMix": {
        "Solar": 9.70512630333286,
        "Wind": 0.6055437782493162,
        "Hydro_Embalse": 0.84096,
        "Hydro_Pasada": 0.2745762711864209,
        "Coal": 0,
        "Gas": 0.0,
        "Diesel": 0.0,
        "Nuclear": 0.0
      }
    },
    "PA": {
      "generationMix": {
        "Solar": 0.9524073499999998,
        "Wind": 4.829846037447079,
        "Hydro_Embalse": 11.28288,
        "Hydro_Pasada": 2.384516129032085,
        "Coal": 0,
        "Gas": 0.0057,
        "Diesel": 0.0,
        "Nuclear": 0.0
      }
    },
    "PE": {
      "generationMix": {
        "Solar": 16.45002802833332,
        "Wind": 18.55162519300553,
        "Hydro_Embalse": 25.43783770073449,
        "Hydro_Pasada": 9.64197876261147,
        "Coal": 0,
        "Gas": 13.09309631526721,
        "Diesel": 0.0,
        "Nuclear": 0.0
      }
    },
    "PY": {
      "generationMix": {
        "Solar": 9.217483047726313,
        "Wind": 0.0,
        "Hydro_Embalse": 73.31682,
        "Hydro_Pasada": 0.5209177381525723,
        "Coal": 0,
        "Gas": 0.0,
        "Diesel": 0.008994270887595295,
        "Nuclear": 0.0
      }
    },
    "SU": {
      "generationMix": {
        "Solar": 0.02142485,
        "Wind": 3.705451553463324,
        "Hydro_Embalse": 1.462395854229231,
        "Hydro_Pasada": 0.01876462842207918,
        "Coal": 0,
        "Gas": 0.0,
        "Diesel": 0.003607982610724779,
        "Nuclear": 0.0
      }
    },
    "UY": {
      "generationMix": {
        "Solar": 0.3865819858502298,
        "Wind": 228.7028638008362,
        "Hydro_Embalse": 6.841236824937003,
        "Hydro_Pasada": 0.1810424648175091,
        "Coal": 0,
        "Gas": 0.0,
        "Diesel": 0.0,
        "Nuclear": 0.0
      }
    },
    "VE": {
      "generationMix": {
        "Solar": 0.0,
        "Wind": 33.64021576003261,
        "Hydro_Embalse": 125.16726,
        "Hydro_Pasada": 2.20883399999984,
        "Coal": 0,
        "Gas": 0.0,
        "Diesel": 0.0,
        "Nuclear": 0.0
      }
    }
  },
  "staticLines": [
    {
      "id": "PA-CR",
      "from": "Panama",
      "to": "Costa Rica",
      "existingCapacity": 300.0,
      "coordinates": {
        "c1": "(9.51102,-84.57103)",
        "c2": "(8.07574,-82.2729)"
      }
    },
    {
      "id": "BR-UY",
      "from": "Brazil",
      "to": "Uruguay",
      "existingCapacity": 570.0,
      "coordinates": {
        "c1": "(-24.26318,-49.54945)",
        "c2": "(-33.02693,-55.40152)"
      }
    },
    {
      "id": "BR-AR",
      "from": "Brazil",
      "to": "Argentina",
      "existingCapacity": 2250.0,
      "coordinates": {
        "c1": "(-24.26318,-49.54945)",
        "c2": "(-31.3157,-66.22498)"
      }
    },
    {
      "id": "PY-AR",
      "from": "Paraguay",
      "to": "Argentina",
      "existingCapacity": 3200.0,
      "coordinates": {
        "c1": "(-23.09956,-57.84811)",
        "c2": "(-31.3157,-66.22498)"
      }
    },
    {
      "id": "UY-AR",
      "from": "Uruguay",
      "to": "Argentina",
      "existingCapacity": 3990.0,
      "coordinates": {
        "c1": "(-33.02693,-55.40152)",