{
  "scenarioParameters": {
    "year": 2045,
    "transmission": "Isolated",
    "sovereignty": "WithSovereignty",
    "demand": "ElecPlus",
    "hydroAndean": "High",
    "hydroConoSur": "Low"
  },
  "regional": {
    "generationMix": {
      "Solar": 1185.8695092115001,
      "Wind": 1171.3922258879986,
      "Hydro_Embalse": 709.0520768989621,
      "Hydro_Pasada": 91.60931254896498,
      "Coal": 0.0,
      "Gas": 691.9449363894405,
      "Diesel": 55.6840289284453,
      "Nuclear": 40.86455475981142
    }
  },
  "countries": {
    "AR": {
      "generationMix": {
        "Solar": 221.7223357777481,
        "Wind": 18.85719785666528,
        "Hydro_Embalse": 23.02023070176965,
        "Hydro_Pasada": 3.023457829391365,
        "Coal": 0,
        "Gas": 109.8834156319138,
        "Diesel": 0.177853054071411,
        "Nuclear": 12.51903194762043
      }
    },
    "BO": {
      "generationMix": {
        "Solar": 18.10349420128383,
        "Wind": 19.61214820427045,
        "Hydro_Embalse": 2.572166962454098,
        "Hydro_Pasada": 0.4985059309623471,
        "Coal": 0,
        "Gas": 2.444474540349086,
        "Diesel": 0.04665872472326297,
        "Nuclear": 0.0
      }
    },
    "BR": {
      "generationMix": {
        "Solar": 191.03022321547,
        "Wind": 717.3901025159798,
        "Hydro_Embalse": 286.6714354965561,
        "Hydro_Pasada": 24.00255829357227,
        "Coal": 0,
        "Gas": 237.8594386614719,
        "Diesel": 51.89105631285571,
        "Nuclear": 17.25211509007458
      }
    },
    "BZ": {
      "generationMix": {
        "Solar": 0.02233463466037498,
        "Wind": 1.212958802060392,
        "Hydro_Embalse": 0.2285714285714286,
        "Hydro_Pasada": 0.0342857142857118,
        "Coal": 0,
        "Gas": 4.725916364945425,
        "Diesel": 0.02389602410277367,
        "Nuclear": 0.0
      }
    },
    "CL": {
      "generationMix": {
        "Solar": 110.7372626861308,
        "Wind": 88.2355007033805,
        "Hydro_Embalse": 13.16949986668983,
        "Hydro_Pasada": 5.481465147736212,
        "Coal": 0,
        "Gas": 6.847436815376136,
        "Diesel": 0.08244786469907171,
        "Nuclear": 0.0
      }
    },
    "CO": {
      "generationMix": {
        "Solar": 79.93927808721953,
        "Wind": 40.12792311763774,
        "Hydro_Embalse": 72.12083718013133,
        "Hydro_Pasada": 24.12444749903594,
        "Coal": 0,
        "Gas": 13.44753483535234,
        "Diesel": 0.1879533225796913,
        "Nuclear": 0.0
      }
    },
    "CR": {
      "generationMix": {
        "Solar": 0.1151775305279579,
        "Wind": 9.098766769786153,
        "Hydro_Embalse": 11.95569313486883,
        "Hydro_Pasada": 1.893291348032297,
        "Coal": 0,
        "Gas": 6.078956107517434,
        "Diesel": 0.02625569483901573,
        "Nuclear": 0.0
      }
    },
    "EC": {
      "generationMix": {
        "Solar": 69.50604613122627,
        "Wind": 1.744646901137769,
        "Hydro_Embalse": 30.05010723092926,
        "Hydro_Pasada": 9.399385937567919,
        "Coal": 0,
        "Gas": 23.85886966436014,
        "Diesel": 0.1636913751381621,
        "Nuclear": 0.0
      }
    },
    "ES": {
      "generationMix": {
        "Solar": 11.60435615318482,
        "Wind": 0.8017734644643828,
        "Hydro_Embalse": 2.985051007988667,
        "Hydro_Pasada": 0.6817429797049729,
        "Coal": 0,
        "Gas": 2.043101269632047,
        "Diesel": 0.0,
        "Nuclear": 0.0
      }
    },
    "FG": {
      "generationMix": {
        "Solar": 0.2491083757625308,
        "Wind": 1.216213318660069,
        "Hydro_Embalse": 0.817530907483209,
        "Hydro_Pasada": 0.02308822359811466,
        "Coal": 0,
        "Gas": 0.6995221474625477,
        "Diesel": 0.01473334714014445,
        "Nuclear": 0.0
      }
    },
    "GU": {
      "generationMix": {
        "Solar": 22.95720243652375,
        "Wind": 2.274881780233999,
        "Hydro_Embalse": 6.400318231789304,
        "Hydro_Pasada": 1.743987748364787,
        "Coal": 0,
        "Gas": 6.922173354516754,
        "Diesel": 0.0002267001088592486,
        "Nuclear": 0.0
      }
    },
    "GY": {
      "generationMix": {
        "Solar": 0.02247685,
        "Wind": 0.08108243185639058,
        "Hydro_Embalse": 5e-06,
        "Hydro_Pasada": 9.99999999999928e-07,
        "Coal": 0,
        "Gas": 1.829523132056827,
        "Diesel": 0.01660250189079848,
        "Nuclear": 0.0
      }
    },
    "HO": {
      "generationMix": {
        "Solar": 29.77729137750926,
        "Wind": 2.866236292588899,
        "Hydro_Embalse": 4.201508247230265,
        "Hydro_Pasada": 1.354110409199369,
        "Coal": 0,
        "Gas": 11.32760644833866,
        "Diesel": 0.01227464591300596,
        "Nuclear": 0.0
      }
    },
    "MX": {
      "generationMix": {
        "Solar": 351.9823822791139,
        "Wind": 199.9260721958848,
        "Hydro_Embalse": 66.20670027705997,
        "Hydro_Pasada": 6.033337720805539,
        "Coal": 0,
        "Gas": 93.7341452948562,
        "Diesel": 0.0,
        "Nuclear": 11.09340772211641
      }
    },
    "NI": {
      "generationMix": {
        "Solar": 9.83052791507898,
        "Wind": 0.4668196559632116,
        "Hydro_Embalse": 0.7036998174627292,
        "Hydro_Pasada": 0.2282281952395534,
        "Coal": 0,
        "Gas": 4.008707365162639,
        "Diesel": 0.0,
        "Nuclear": 0.0
      }
    },
    "PA": {
      "generationMix": {
        "Solar": 3.317252769999999,
        "Wind": 4.829846037447079,
        "Hydro_Embalse": 11.26957216103178,
        "Hydro_Pasada": 2.363566722613337,
        "Coal": 0,
        "Gas": 17.13194984916139,
        "Diesel": 0.1549498025773516,
        "Nuclear": 0.0
      }
    },
    "PE": {
      "generationMix": {
        "Solar": 16.45002802833332,
        "Wind": 18.55162519300553,
        "Hydro_Embalse": 25.43783770073447,
        "Hydro_Pasada": 9.64197876261147,
        "Coal": 0,
        "Gas": 146.2044,
        "Diesel": 2.866335575733653,
        "Nuclear": 0.0
      }
    },
    "PY": {
      "generationMix": {
        "Solar": 48.06833945738439,
        "Wind": 0.0,
        "Hydro_Embalse": 34.26090775509819,
        "Hydro_Pasada": 0.2112598704673226,
        "Coal": 0,
        "Gas": 0.0,
        "Diesel": 0.0048,
        "Nuclear": 0.0
      }
    },
    "SU": {
      "generationMix": {
        "Solar": 0.01718749868839568,
        "Wind": 3.33402538034156,
        "Hydro_Embalse": 1.216436944009551,
        "Hydro_Pasada": 0.01478525704809355,
        "Coal": 0,
        "Gas": 2.02341862983988,
        "Diesel": 0.01429398207239281,
        "Nuclear": 0.0
      }
    },
    "UY": {
      "generationMix": {
        "Solar": 0.4172038056539801,
        "Wind": 40.74184130052593,
        "Hydro_Embalse": 6.841236824937004,
        "Hydro_Pasada": 0.1459435156648085,
        "Coal": 0,
        "Gas": 0.116543103342593,
        "Diesel": 0.0,
        "Nuclear": 0.0
      }
    },
    "VE": {
      "generationMix": {
        "Solar": 0.0,
        "Wind": 0.02256396610872684,
        "Hydro_Embalse": 108.9227300221665,
        "Hydro_Pasada": 0.7098844430635398,
        "Coal": 0,
        "Gas": 0.7578031737847333,
        "Diesel": 0.0,
        "Nuclear": 0.0
      }
    }
  },
  "staticLines": [
    {
      "id": "PA-CR",
      "from": "Panama",
      "to": "Costa Rica",
      "existingCapacity": 300.0,
      "coordinates": {
        "c1": "(9.51102,-84.57103)",
        "c2": "(8.07574,-82.2729)"
      }
    },
    {
      "id": "BR-UY",
      "from": "Brazil",
      "to": "Uruguay",
      "existingCapacity": 570.0,
      "coordinates": {
        "c1": "(-24.26318,-49.54945)",
        "c2": "(-33.02693,-55.40152)"
      }
    },
    {
      "id": "BR-AR",
      "from": "Brazil",
      "to": "Argentina",
      "existingCapacity": 2250.0,
      "coordinates": {
        "c1": "(-24.26318,-49.54945)",
        "c2": "(-31.3157,-66.22498)"
      }
    },
    {
      "id": "PY-AR",
      "from": "Paraguay",