{
  "regional": {
    "totalCost": 101579.03447622276,
    "totalInvestment": 93157.87355057144,
    "operationCost": 8421.160925651318,
    "totalEmissions": 238.12119329409586,
    "geopoliticalCost": 9204.932290398545
  },
  "countries": {
    "Panama": {
      "lossToTrust": 0,
      "lossToNotTrust": 0,
      "operationCost": 318.0392290948871,
      "energyBalance": {
        "imports": 0.0,
        "exports": -123.77807513726334
      },
      "totalEmissions": 0.0
    },
    "Brazil": {
      "lossToTrust": 0,
      "lossToNotTrust": 0,
      "operationCost": 1552.5333557994722,
      "energyBalance": {
        "imports": 0.0,
        "exports": -2152.072039442827
      },
      "totalEmissions": 0.0
    },
    "Paraguay": {
      "lossToTrust": 0,
      "lossToNotTrust": 0,
      "operationCost": 1.0956462758798062,
      "energyBalance": {
        "imports": 0.0,
        "exports": 952.9440403601453
      },
      "totalEmissions": 0.0
    },
    "Uruguay": {
      "lossToTrust": 0,
      "lossToNotTrust": 0,
      "operationCost": 0.6148392318948853,
      "energyBalance": {
        "imports": 731.6247604956254,
        "exports": 2935.0990701683045
      },
      "totalEmissions": 0.0
    },
    "Argentina": {
      "lossToTrust": 0,
      "lossToNotTrust": 0,
      "operationCost": 1132.7762384981609,
      "energyBalance": {
        "imports": 2467.595831581248,
        "exports": 158.60055016084536
      },
      "totalEmissions": 0.0
    },
    "Peru": {
      "lossToTrust": 0,
      "lossToNotTrust": 0,
      "operationCost": 2115.34521250303,
      "energyBalance": {
        "imports": 0.0,
        "exports": -168.146741060911
      },
      "totalEmissions": 0.0
    },
    "Chile": {
      "lossToTrust": 0,
      "lossToNotTrust": 0,
      "operationCost": 127.14622315454305,
      "energyBalance": {
        "imports": 209.74181159473304,
        "exports": 0.0
      },
      "totalEmissions": 0.0
    },
    "Ecuador": {
      "lossToTrust": 0,
      "lossToNotTrust": 0,
      "operationCost": 440.78031139688096,
      "energyBalance": {
        "imports": 168.146741060911,
        "exports": -407.99137068490774
      },
      "totalEmissions": 0.0
    },
    "Colombia": {
      "lossToTrust": 0,
      "lossToNotTrust": 0,
      "operationCost": 252.26326690660028,
      "energyBalance": {
        "imports": 407.99137068490774,
        "exports": -10.402655877164761
      },
      "totalEmissions": 0.0
    },
    "Bolivia": {
      "lossToTrust": 0,
      "lossToNotTrust": 0,
      "operationCost": 34.7303713406875,
      "energyBalance": {
        "imports": 51.141261433887685,
        "exports": 0.0
      },
      "totalEmissions": 0.0
    },
    "Venezuela": {
      "lossToTrust": 0,
      "lossToNotTrust": 0,
      "operationCost": 13.790789262882143,
      "energyBalance": {
        "imports": 10.402655877164761,
        "exports": 0.0
      },
      "totalEmissions": 0.0
    },
    "Mexico": {
      "lossToTrust": 0,
      "lossToNotTrust": 0,
      "operationCost": 1705.9563481485634,
      "energyBalance": {
        "imports": 0.0,
        "exports": 118.875444267351
      },
      "totalEmissions": 0.0
    },
    "Belize": {
      "lossToTrust": 0,
      "lossToNotTrust": 0,
      "operationCost": 86.96751880611768,
      "energyBalance": {
        "imports": 0.0,
        "exports": 0.0
      },
      "totalEmissions": 0.0
    },
    "Honduras": {
      "lossToTrust": 0,
      "lossToNotTrust": 0,
      "operationCost": 206.72351609288629,
      "energyBalance": {
        "imports": 0.0,
        "exports": -168.03238658017872
      },
      "totalEmissions": 0.0
    },
    "Nicaragua": {
      "lossToTrust": 0,
      "lossToNotTrust": 0,
      "operationCost": 72.9458758756965,
      "energyBalance": {
        "imports": 38.44602010085531,
        "exports": -111.95495362965805
      },
      "totalEmissions": 0.0
    },
    "Guatemala": {
      "lossToTrust": 0,
      "lossToNotTrust": 0,
      "operationCost": 125.88270914964158,
      "energyBalance": {
        "imports": 118.875444267351,
        "exports": 66.20719082834732
      },
      "totalEmissions": 0.0
    },
    "El Salvador": {
      "lossToTrust": 0,
      "lossToNotTrust": 0,
      "operationCost": 37.16238775833041,
      "energyBalance": {
        "imports": 63.379175650976094,
        "exports": 0.0
      },
      "totalEmissions": 0.0
    },
    "Costa Rica": {
      "lossToTrust": 0,
      "lossToNotTrust": 0,
      "operationCost": 111.72704996069317,
      "energyBalance": {
        "imports": 235.73302876692136,
        "exports": 0.0
      },
      "totalEmissions": 0.0
    },
    "French Guiana": {
      "lossToTrust": 0,
      "lossToNotTrust": 0,
      "operationCost": 13.320636969424147,
      "energyBalance": {
        "imports": 0.0,
        "exports": 0.0
      },
      "totalEmissions": 0.0
    },
    "Suriname": {
      "lossToTrust": 0,
      "lossToNotTrust": 0,
      "operationCost": 37.397978345981535,
      "energyBalance": {
        "imports": 0.0,
        "exports": 0.0
      },
      "totalEmissions": 0.0
    },
    "Guyana": {
      "lossToTrust": 0,
      "lossToNotTrust": 0,
      "operationCost": 33.961421079066184,
      "energyBalance": {
        "imports": 0.0,
        "exports": 0.0
      },
      "totalEmissions": 0.0
    }
  }
}