{
  "generation": {
    "regional": {
      "BESS": 57443.83083304098,
      "Coal": 0.0,
      "Diesel": 0.0,
      "Gas": 748.5197705718888,
      "Solar": 406916.77609095076,
      "Wind": 393430.0
    },
    "countries": {
      "Argentina": {
        "BESS": 0.0,
        "Coal": 0.0,
        "Diesel": 0.0,
        "Gas": 0.0,
        "Solar": 73425.24610231355,
        "Wind": 1282.0
      },
      "Belize": {
        "BESS": 0.0,
        "Coal": 0.0,
        "Diesel": 0.0,
        "Gas": 748.5197705718888,
        "Solar": 0.0,
        "Wind": 411.0
      },
      "Bolivia": {
        "BESS": 3140.856473901669,
        "Coal": 0.0,
        "Diesel": 0.0,
        "Gas": 0.0,
        "Solar": 58040.58487084434,
        "Wind": 29400.0
      },
      "Brazil": {
        "BESS": 0.0,
        "Coal": 0.0,
        "Diesel": 0.0,
        "Gas": 0.0,
        "Solar": 52647.47387377979,
        "Wind": 160185.0
      },
      "Chile": {
        "BESS": 7139.148731488694,
        "Coal": 0.0,
        "Diesel": 0.0,
        "Gas": 0.0,
        "Solar": 27247.62762707501,
        "Wind": 21459.0
      },
      "Colombia": {
        "BESS": 0.0,
        "Coal": 0.0,
        "Diesel": 0.0,
        "Gas": 0.0,
        "Solar": 6772.44237771455,
        "Wind": 11968.0
      },
      "Costa Rica": {
        "BESS": 0.0,
        "Coal": 0.0,
        "Diesel": 0.0,
        "Gas": 0.0,
        "Solar": 0.0,
        "Wind": 2300.0
      },
      "Ecuador": {
        "BESS": 5824.768233049656,
        "Coal": 0.0,
        "Diesel": 0.0,
        "Gas": 0.0,
        "Solar": 17570.87898190018,
        "Wind": 410.0
      },
      "El Salvador": {
        "BESS": 734.6096170284084,
        "Coal": 0.0,
        "Diesel": 0.0,
        "Gas": 0.0,
        "Solar": 2994.945224590348,
        "Wind": 200.0
      },
      "French Guiana": {
        "BESS": 0.0,
        "Coal": 0.0,
        "Diesel": 0.0,
        "Gas": 0.0,
        "Solar": 0.0,
        "Wind": 2610.0
      },
      "Guatemala": {
        "BESS": 36.98779929784837,
        "Coal": 0.0,
        "Diesel": 0.0,
        "Gas": 0.0,
        "Solar": 0.0,
        "Wind": 600.0
      },
      "Guyana": {
        "BESS": 0.0,
        "Coal": 0.0,
        "Diesel": 0.0,
        "Gas": 0.0,
        "Solar": 0.0,
        "Wind": 25.0
      },
      "Honduras": {
        "BESS": 1147.955969710411,
        "Coal": 0.0,
        "Diesel": 0.0,
        "Gas": 0.0,
        "Solar": 9061.985189842202,
        "Wind": 700.0
      },
      "Mexico": {
        "BESS": 39330.6686170387,
        "Coal": 0.0,
        "Diesel": 0.0,
        "Gas": 0.0,
        "Solar": 143039.5717855399,
        "Wind": 47200.0
      },
      "Nicaragua": {
        "BESS": 62.96429036869586,
        "Coal": 0.0,
        "Diesel": 0.0,
        "Gas": 0.0,
        "Solar": 3476.407602791987,
        "Wind": 0.0
      },
      "Panama": {
        "BESS": 0.0,
        "Coal": 0.0,
        "Diesel": 0.0,
        "Gas": 0.0,
        "Solar": 0.0,
        "Wind": 1152.0
      },
      "Paraguay": {
        "BESS": 0.0,
        "Coal": 0.0,
        "Diesel": 0.0,
        "Gas": 0.0,
        "Solar": 0.0,
        "Wind": 0.0
      },
      "Peru": {
        "BESS": 0.0,
        "Coal": 0.0,
        "Diesel": 0.0,
        "Gas": 0.0,
        "Solar": 6371.0,
        "Wind": 3658.0
      },
      "Suriname": {
        "BESS": 25.87110115689734,
        "Coal": 0.0,
        "Diesel": 0.0,
        "Gas": 0.0,
        "Solar": 0.0,
        "Wind": 3470.0
      },
      "Uruguay": {
        "BESS": 0.0,
        "Coal": 0.0,
        "Diesel": 0.0,
        "Gas": 0.0,
        "Solar": 0.0,
        "Wind": 96400.0
      },
      "Venezuela": {
        "BESS": 0.0,
        "Coal": 0.0,
        "Diesel": 0.0,
        "Gas": 0.0,
        "Solar": 6268.612454558904,
        "Wind": 10000.0
      }
    }
  },
  "transmission": {
    "lines": [
      {
        "id": "PA-CO",
        "newCapacityMW": 12535.87556679787
      },
      {
        "id": "PA-CR",
        "newCapacityMW": 10111.83260109717
      },
      {
        "id": "BR-PY",
        "newCapacityMW": 0.0
      },
      {
        "id": "BR-UY",
        "newCapacityMW": 51530.89087242464
      },
      {
        "id": "BR-AR",
        "newCapacityMW": 0.0
      },
      {
        "id": "BR-BO",
        "newCapacityMW": 22520.01831748646
      },
      {
        "id": "BR-VE",
        "newCapacityMW": 16371.52538748312
      },
      {
        "id": "BR-FG",
        "newCapacityMW": 2658.78831051581
      },
      {
        "id": "BR-GY",
        "newCapacityMW": 1319.759075004981
      },
      {
        "id": "PY-AR",
        "newCapacityMW": 0.0
      },
      {
        "id": "PY-BO",
        "newCapacityMW": 11837.32886121976
      },
      {
        "id": "UY-AR",
        "newCapacityMW": 22411.40068938621
      },
      {
        "id": "AR-CL",
        "newCapacityMW": 5664.971006449264
      },
      {
        "id": "AR-BO",
        "newCapacityMW": 0.0
      },
      {
        "id": "PE-CL",
        "newCapacityMW": 1934.124761163796
      },
      {
        "id": "PE-EC",
        "newCapacityMW": 6896.264992830925
      },
      {
        "id": "PE-BO",
        "newCapacityMW": 20769.67355256459
      },
      {
        "id": "CL-BO",
        "newCapacityMW": 2109.333766205416
      },
      {
        "id": "EC-CO",
        "newCapacityMW": 2606.829422996588
      },
      {
        "id": "CO-VE",
        "newCapacityMW": 21247.57051636854
      },
      {
        "id": "MX-GU",
        "newCapacityMW": 11108.09735734964
      },
      {
        "id": "HO-NI",
        "newCapacityMW": 8420.634726608194
      },
      {
        "id": "HO-ES",
        "newCapacityMW": 7029.187612140769
      },
      {
        "id": "NI-CR",
        "newCapacityMW": 9592.831364957203
      },
      {
        "id": "GU-ES",
        "newCapacityMW": 7146.830743728757
      },
      {
        "id": "FG-SU",
        "newCapacityMW": 605.1992414481772
      },
      {
        "id": "SU-GY",
        "newCapacityMW": 1535.583822175063
      }
    ]
  }
}