{
  "scenarioParameters": {
    "year": 2045,
    "transmission": "Integrated",
    "sovereignty": "WithoutSovereignty",
    "demand": "ElecPlus",
    "hydroAndean": "High",
    "hydroConoSur": "High"
  },
  "regional": {
    "generationMix": {
      "Solar": 720.3439209299165,
      "Wind": 1610.8542220568509,
      "Hydro_Embalse": 1179.78468742857,
      "Hydro_Pasada": 135.23734136075038,
      "Coal": 0.0,
      "Gas": 220.82758548876893,
      "Diesel": 0.8256088681694403,
      "Nuclear": 44.84288429415261
    }
  },
  "countries": {
    "AR": {
      "generationMix": {
        "Solar": 49.785129850021,
        "Wind": 19.25745587411186,
        "Hydro_Embalse": 23.02023070176964,
        "Hydro_Pasada": 3.708581688344234,
        "Coal": 0,
        "Gas": 53.5222509208666,
        "Diesel": 0.0721322775928623,
        "Nuclear": 15.33
      }
    },
    "BO": {
      "generationMix": {
        "Solar": 120.7323687274686,
        "Wind": 112.5966426616336,
        "Hydro_Embalse": 2.572166962454097,
        "Hydro_Pasada": 0.573236854183339,
        "Coal": 0,
        "Gas": 4.855106500461079,
        "Diesel": 0.0056,
        "Nuclear": 0.0
      }
    },
    "BR": {
      "generationMix": {
        "Solar": 59.08536874166663,
        "Wind": 717.9307836215022,
        "Hydro_Embalse": 692.7085379938678,
        "Hydro_Pasada": 57.71629021923986,
        "Coal": 0,
        "Gas": 57.24375333922733,
        "Diesel": 0.1734986921271574,
        "Nuclear": 17.4324
      }
    },
    "BZ": {
      "generationMix": {
        "Solar": 0.02233463466037498,
        "Wind": 1.212958802060392,
        "Hydro_Embalse": 0.2285714285714286,
        "Hydro_Pasada": 0.0342857142857118,
        "Coal": 0,
        "Gas": 4.71644249154261,
        "Diesel": 0.03327812279146464,
        "Nuclear": 0.0
      }
    },
    "CL": {
      "generationMix": {
        "Solar": 82.4635055438895,
        "Wind": 99.23594910838686,
        "Hydro_Embalse": 13.16949986668984,
        "Hydro_Pasada": 6.535506604395498,
        "Coal": 0,
        "Gas": 1.778057744856195,
        "Diesel": 0.1174417433692996,
        "Nuclear": 0.0
      }
    },
    "CO": {
      "generationMix": {
        "Solar": 1.034209733333332,
        "Wind": 40.27424416707107,
        "Hydro_Embalse": 72.12083718013123,
        "Hydro_Pasada": 26.42687086072316,
        "Coal": 0,
        "Gas": 1.249449898966976,
        "Diesel": 0.01664619002818458,
        "Nuclear": 0.0
      }
    },
    "CR": {
      "generationMix": {
        "Solar": 0.1396772756934499,
        "Wind": 9.098766769786153,
        "Hydro_Embalse": 12.24648,
        "Hydro_Pasada": 2.127272727272573,
        "Coal": 0,
        "Gas": 0.0,
        "Diesel": 0.0038,
        "Nuclear": 0.0
      }
    },
    "EC": {
      "generationMix": {
        "Solar": 17.29761934081835,
        "Wind": 1.744646901137769,
        "Hydro_Embalse": 30.05010723092925,
        "Hydro_Pasada": 11.65295212816002,
        "Coal": 0,
        "Gas": 0.6595731133595016,
        "Diesel": 0.218272590667028,
        "Nuclear": 0.0
      }
    },
    "ES": {
      "generationMix": {
        "Solar": 8.129568604146863,
        "Wind": 0.8020241844833328,
        "Hydro_Embalse": 3.7449,
        "Hydro_Pasada": 0.8692307692307064,
        "Coal": 0,
        "Gas": 0.2462826118467753,
        "Diesel": 0.003480051313492377,
        "Nuclear": 0.0
      }
    },
    "FG": {
      "generationMix": {
        "Solar": 0.1304163,
        "Wind": 8.052991400939172,
        "Hydro_Embalse": 0.94608,
        "Hydro_Pasada": 0.0304847999999978,
        "Coal": 0,
        "Gas": 0.0,
        "Diesel": 0.001462168466987125,
        "Nuclear": 0.0
      }
    },
    "GU": {
      "generationMix": {
        "Solar": 5.523127954618297,
        "Wind": 2.274881780233999,
        "Hydro_Embalse": 7.564260000000001,
        "Hydro_Pasada": 2.116666666666514,
        "Coal": 0,
        "Gas": 0.0,
        "Diesel": 0.00315,
        "Nuclear": 0.0
      }
    },
    "GY": {
      "generationMix": {
        "Solar": 0.02247685,
        "Wind": 0.08108243185639058,
        "Hydro_Embalse": 5e-06,
        "Hydro_Pasada": 9.99999999999928e-07,
        "Coal": 0,
        "Gas": 0.0,
        "Diesel": 0.003181574830681631,
        "Nuclear": 0.0
      }
    },
    "HO": {
      "generationMix": {
        "Solar": 19.75874111676372,
        "Wind": 2.876170381248549,
        "Hydro_Embalse": 5.18154,
        "Hydro_Pasada": 1.684210526315668,
        "Coal": 0,
        "Gas": 0.03,
        "Diesel": 0.0081,
        "Nuclear": 0.0
      }
    },
    "MX": {
      "generationMix": {
        "Solar": 336.6450602451562,
        "Wind": 208.179843822785,
        "Hydro_Embalse": 71.93114046799907,
        "Hydro_Pasada": 6.557222274925538,
        "Coal": 0,
        "Gas": 65.87134600127969,
        "Diesel": 0.0,
        "Nuclear": 12.08048429415261
      }
    },
    "NI": {
      "generationMix": {
        "Solar": 5.73473483918691,
        "Wind": 0.6055437782493162,
        "Hydro_Embalse": 0.84096,
        "Hydro_Pasada": 0.2745762711864209,
        "Coal": 0,
        "Gas": 0.0,
        "Diesel": 0.0045,
        "Nuclear": 0.0
      }
    },
    "PA": {
      "generationMix": {
        "Solar": 0.9524073499999998,
        "Wind": 4.829846037447079,
        "Hydro_Embalse": 11.28288,
        "Hydro_Pasada": 2.384516129032085,
        "Coal": 0,
        "Gas": 0.2106039448811429,
        "Diesel": 0.0065,
        "Nuclear": 0.0
      }
    },
    "PE": {
      "generationMix": {
        "Solar": 7.01818846597896,
        "Wind": 18.55162519300553,
        "Hydro_Embalse": 25.43783770073449,
        "Hydro_Pasada": 9.64197876261147,
        "Coal": 0,
        "Gas": 27.91773415481734,
        "Diesel": 0.1276134477470589,
        "Nuclear": 0.0
      }
    },
    "PY": {
      "generationMix": {
        "Solar": 0.0,
        "Wind": 0.0,
        "Hydro_Embalse": 73.31682,
        "Hydro_Pasada": 0.5209177381525723,
        "Coal": 0,
        "Gas": 0.0,
        "Diesel": 0.001882396390638667,
        "Nuclear": 0.0
      }
    },
    "SU": {
      "generationMix": {
        "Solar": 0.02099570849474798,
        "Wind": 6.026032069136866,
        "Hydro_Embalse": 1.413336070486318,
        "Hydro_Pasada": 0.01815101294092726,
        "Coal": 0,
        "Gas": 0.0,
        "Diesel": 0.004419612844585217,
        "Nuclear": 0.0
      }
    },
    "UY": {
      "generationMix": {
        "Solar": 0.4359345197827137,
        "Wind": 323.5825173117431,
        "Hydro_Embalse": 6.841236824937003,
        "Hydro_Pasada": 0.155554613084207,
        "Coal": 0,
        "Gas": 0.1967252992903576,
        "Diesel": 0.00105,
        "Nuclear": 0.0
      }
    },
    "VE": {
      "generationMix": {
        "Solar": 5.412055128236868,
        "Wind": 33.64021576003261,
        "Hydro_Embalse": 125.16726,
        "Hydro_Pasada": 2.20883399999984,
        "Coal": 0,
        "Gas": 2.330259467373342,
        "Diesel": 0.0196,
        "Nuclear": 0.0
      }
    }
  },
  "staticLines": [
    {
      "id": "PA-CR",
      "from": "Panama",
      "to": "Costa Rica",
      "existingCapacity": 300.0,
      "coordinates": {
        "c1": "(9.51102,-84.57103)",
        "c2": "(8.07574,-82.2729)"
      }
    },
    {
      "id": "BR-UY",
      "from": "Brazil",
      "to": "Uruguay",
      "existingCapacity": 570.0,
      "coordinates": {
        "c1": "(-24.26318,-49.54945)",
        "c2": "(-33.02693,-55.40152)"
      }
    },
    {
      "id": "BR-AR",
      "from": "Brazil",
      "to": "Argentina",
      "existingCapacity": 2250.0,
      "coordinates": {
        "c1": "(-24.26318,-49.54945)",
        "c2": "(-31.3157,-66.22498)"
      }
    },
    {
      "id": "PY-AR",
      "from": "Paraguay",
      "to": "Argentina",
      "existingCapacity": 3200.0,
      "coordinates": {
        "c1": "(-23.09956,-57.84811)",
        "c2": "(-31.3157,-66.22498)"
      }
    },
    {
      "id": "UY-AR",