{
  "scenarioParameters": {
    "year": 2045,
    "transmission": "Isolated",
    "sovereignty": "WithSovereignty",
    "demand": "ElecPlus",
    "hydroAndean": "Low",
    "hydroConoSur": "High"
  },
  "regional": {
    "generationMix": {
      "Solar": 1223.5770866356954,
      "Wind": 1077.0048182555972,
      "Hydro_Embalse": 1093.3597858808212,
      "Hydro_Pasada": 93.32675416786826,
      "Coal": 0.0,
      "Gas": 450.3634080291335,
      "Diesel": 3.412115659045226,
      "Nuclear": 35.21543538755157
    }
  },
  "countries": {
    "AR": {
      "generationMix": {
        "Solar": 217.3291761772181,
        "Wind": 18.90668605296797,
        "Hydro_Embalse": 23.02023070176965,
        "Hydro_Pasada": 3.044436851076765,
        "Coal": 0,
        "Gas": 71.81027423238089,
        "Diesel": 0.01401667469413021,
        "Nuclear": 12.57170131062975
      }
    },
    "BO": {
      "generationMix": {
        "Solar": 18.12855138207655,
        "Wind": 19.5228758762512,
        "Hydro_Embalse": 2.572166962454098,
        "Hydro_Pasada": 0.499929289940946,
        "Coal": 0,
        "Gas": 2.363419859875203,
        "Diesel": 0.04980376222487002,
        "Nuclear": 0.0
      }
    },
    "BR": {
      "generationMix": {
        "Solar": 189.5515601111142,
        "Wind": 634.855323005521,
        "Hydro_Embalse": 692.7085379938676,
        "Hydro_Pasada": 45.79754047581029,
        "Coal": 0,
        "Gas": 13.62593240367139,
        "Diesel": 0.06024928406607993,
        "Nuclear": 11.55032635480541
      }
    },
    "BZ": {
      "generationMix": {
        "Solar": 0.02233463466037498,
        "Wind": 1.212958802060392,
        "Hydro_Embalse": 0.2285714285714286,
        "Hydro_Pasada": 0.0342857142857118,
        "Coal": 0,
        "Gas": 4.725916364945425,
        "Diesel": 0.02389602410277367,
        "Nuclear": 0.0
      }
    },
    "CL": {
      "generationMix": {
        "Solar": 110.6178435421576,
        "Wind": 88.30454189861732,
        "Hydro_Embalse": 13.16949986668984,
        "Hydro_Pasada": 5.48350743233014,
        "Coal": 0,
        "Gas": 6.800213245037233,
        "Diesel": 0.08144786469907171,
        "Nuclear": 0.0
      }
    },
    "CO": {
      "generationMix": {
        "Solar": 134.8142126619132,
        "Wind": 34.3741599839618,
        "Hydro_Embalse": 31.06134967140215,
        "Hydro_Pasada": 9.477181743247419,
        "Coal": 0,
        "Gas": 22.5392794228496,
        "Diesel": 0.03048863490234749,
        "Nuclear": 0.0
      }
    },
    "CR": {
      "generationMix": {
        "Solar": 0.1153406379185079,
        "Wind": 9.098766769786153,
        "Hydro_Embalse": 11.95364084661539,
        "Hydro_Pasada": 1.894119155306567,
        "Coal": 0,
        "Gas": 6.077100554887651,
        "Diesel": 0.0279828888325553,
        "Nuclear": 0.0
      }
    },
    "EC": {
      "generationMix": {
        "Solar": 81.02054261889268,
        "Wind": 1.742865162146269,
        "Hydro_Embalse": 12.04086391575325,
        "Hydro_Pasada": 3.673242203277219,
        "Coal": 0,
        "Gas": 35.70548524351853,
        "Diesel": 0.01824614103858288,
        "Nuclear": 0.0
      }
    },
    "ES": {
      "generationMix": {
        "Solar": 11.60435615318482,
        "Wind": 0.8017734644643828,
        "Hydro_Embalse": 2.985051007988667,
        "Hydro_Pasada": 0.6817429797049729,
        "Coal": 0,
        "Gas": 2.041478487307192,
        "Diesel": 0.0,
        "Nuclear": 0.0
      }
    },
    "FG": {
      "generationMix": {
        "Solar": 0.2488563573098302,
        "Wind": 1.216467396155841,
        "Hydro_Embalse": 0.8172112764972835,
        "Hydro_Pasada": 0.02308822359811466,
        "Coal": 0,
        "Gas": 0.6995221474625477,
        "Diesel": 0.01473334714014444,
        "Nuclear": 0.0
      }
    },
    "GU": {
      "generationMix": {
        "Solar": 22.95720243652375,
        "Wind": 2.274881780233999,
        "Hydro_Embalse": 6.400318231789304,
        "Hydro_Pasada": 1.743987748364787,
        "Coal": 0,
        "Gas": 6.921089799011298,
        "Diesel": 0.0002267001088592474,
        "Nuclear": 0.0
      }
    },
    "GY": {
      "generationMix": {
        "Solar": 0.02247685,
        "Wind": 0.08108243185639058,
        "Hydro_Embalse": 5e-06,
        "Hydro_Pasada": 9.99999999999928e-07,
        "Coal": 0,
        "Gas": 1.829523132056827,
        "Diesel": 0.01660250189079848,
        "Nuclear": 0.0
      }
    },
    "HO": {
      "generationMix": {
        "Solar": 29.79030291913096,
        "Wind": 2.853224750967199,
        "Hydro_Embalse": 4.200843208885688,
        "Hydro_Pasada": 1.354382330305314,
        "Coal": 0,
        "Gas": 11.3305455564739,
        "Diesel": 0.01054745191946604,
        "Nuclear": 0.0
      }
    },
    "MX": {
      "generationMix": {
        "Solar": 352.4066818600082,
        "Wind": 199.5017726149904,
        "Hydro_Embalse": 66.20670027705997,
        "Hydro_Pasada": 6.033337720805539,
        "Coal": 0,
        "Gas": 93.73426771142923,
        "Diesel": 0.0,
        "Nuclear": 11.09340772211641
      }
    },
    "NI": {
      "generationMix": {
        "Solar": 9.830003453889459,
        "Wind": 0.466825408228945,
        "Hydro_Embalse": 0.7041798174627293,
        "Hydro_Pasada": 0.2282669041633399,
        "Coal": 0,
        "Gas": 4.008746771943471,
        "Diesel": 0.0,
        "Nuclear": 0.0
      }
    },
    "PA": {
      "generationMix": {
        "Solar": 3.317252769999999,
        "Wind": 4.829846037447079,
        "Hydro_Embalse": 11.26957216103178,
        "Hydro_Pasada": 2.363566722613337,
        "Coal": 0,
        "Gas": 17.13341080813239,
        "Diesel": 0.1549498025773516,
        "Nuclear": 0.0
      }
    },
    "PE": {
      "generationMix": {
        "Solar": 16.45002802833332,
        "Wind": 18.55162519300553,
        "Hydro_Embalse": 25.43783770073447,
        "Hydro_Pasada": 9.64197876261147,
        "Coal": 0,
        "Gas": 146.2044,
        "Diesel": 2.839052260953247,
        "Nuclear": 0.0
      }
    },
    "PY": {
      "generationMix": {
        "Solar": 24.92694499001208,
        "Wind": 0.0,
        "Hydro_Embalse": 71.58113860044077,
        "Hydro_Pasada": 0.4738287212878635,
        "Coal": 0,
        "Gas": 0.0,
        "Diesel": 0.05557833782255482,
        "Nuclear": 0.0
      }
    },
    "SU": {
      "generationMix": {
        "Solar": 0.01718749868839568,
        "Wind": 3.333608247684613,
        "Hydro_Embalse": 1.216934671083203,
        "Hydro_Pasada": 0.01478525704809355,
        "Coal": 0,
        "Gas": 2.02341862983988,
        "Diesel": 0.01429398207239281,
        "Nuclear": 0.0
      }
    },
    "UY": {
      "generationMix": {
        "Solar": 0.4062315526635497,
        "Wind": 35.05285617158116,
        "Hydro_Embalse": 6.841236824937004,
        "Hydro_Pasada": 0.1550963850994665,
        "Coal": 0,
        "Gas": 0.02665932275503528,
        "Diesel": 0.0,
        "Nuclear": 0.0
      }
    },
    "VE": {
      "generationMix": {
        "Solar": 0.0,
        "Wind": 0.02267720766940635,
        "Hydro_Embalse": 108.9438957157868,
        "Hydro_Pasada": 0.7084485469909152,
        "Coal": 0,
        "Gas": 0.7627243355558456,
        "Diesel": 0.0,
        "Nuclear": 0.0
      }
    }
  },
  "staticLines": [
    {
      "id": "PA-CR",
      "from": "Panama",
      "to": "Costa Rica",
      "existingCapacity": 300.0,
      "coordinates": {
        "c1": "(9.51102,-84.57103)",
        "c2": "(8.07574,-82.2729)"
      }
    },
    {
      "id": "BR-UY",
      "from": "Brazil",
      "to": "Uruguay",
      "existingCapacity": 570.0,
      "coordinates": {
        "c1": "(-24.26318,-49.54945)",
        "c2": "(-33.02693,-55.40152)"
      }
    },
    {
      "id": "BR-AR",
      "from": "Brazil",
      "to": "Argentina",
      "existingCapacity": 2250.0,
      "coordinates": {
        "c1": "(-24.26318,-49.54945)",
        "c2": "(-31.3157,-66.22498)"
      }
    },
    {
      "id": "PY-AR",