{
  "scenarioParameters": {
    "year": 2035,
    "transmission": "Isolated",
    "sovereignty": "WithoutSovereignty",
    "demand": "ElecPlus",
    "hydroAndean": "Medium",
    "hydroConoSur": "Medium"
  },
  "regional": {
    "generationMix": {
      "Solar": 598.8702087720993,
      "Wind": 1085.7091845753778,
      "Hydro_Embalse": 883.0282223876676,
      "Hydro_Pasada": 103.3656911232365,
      "Coal": 0.0,
      "Gas": 239.78181236220357,
      "Diesel": 1.728301803564201,
      "Nuclear": 46.866
    }
  },
  "countries": {
    "AR": {
      "generationMix": {
        "Solar": 116.6478294839558,
        "Wind": 18.53810178108275,
        "Hydro_Embalse": 23.02023070176963,
        "Hydro_Pasada": 3.708581688344234,
        "Coal": 0,
        "Gas": 66.15145344492072,
        "Diesel": 0.4639376265246186,
        "Nuclear": 15.33
      }
    },
    "BO": {
      "generationMix": {
        "Solar": 8.55119762098094,
        "Wind": 13.2577823883536,
        "Hydro_Embalse": 2.572166962454098,
        "Hydro_Pasada": 0.6236212482769303,
        "Coal": 0,
        "Gas": 1.999517695058722,
        "Diesel": 0.01290157565348351,
        "Nuclear": 0.0
      }
    },
    "BR": {
      "generationMix": {
        "Solar": 59.08536874166663,
        "Wind": 636.0422253905739,
        "Hydro_Embalse": 461.8056919959118,
        "Hydro_Pasada": 38.47752681282658,
        "Coal": 0,
        "Gas": 1.509793693612064,
        "Diesel": 0.0,
        "Nuclear": 17.4324
      }
    },
    "BZ": {
      "generationMix": {
        "Solar": 0.02233463466037498,
        "Wind": 1.174537296811151,
        "Hydro_Embalse": 0.2285714285714286,
        "Hydro_Pasada": 0.0342857142857118,
        "Coal": 0,
        "Gas": 0.993566243147391,
        "Diesel": 0.02351650887336783,
        "Nuclear": 0.0
      }
    },
    "CL": {
      "generationMix": {
        "Solar": 42.0011043398714,
        "Wind": 95.17517777409367,
        "Hydro_Embalse": 13.16949986668983,
        "Hydro_Pasada": 7.09323101776423,
        "Coal": 0,
        "Gas": 3.340159426904463,
        "Diesel": 0.131276702340335,
        "Nuclear": 0.0
      }
    },
    "CO": {
      "generationMix": {
        "Solar": 60.98437130329968,
        "Wind": 37.95232537286297,
        "Hydro_Embalse": 48.08055812008755,
        "Hydro_Pasada": 17.61791390714877,
        "Coal": 0,
        "Gas": 1.915479158449494,
        "Diesel": 0.153396589736299,
        "Nuclear": 0.0
      }
    },
    "CR": {
      "generationMix": {
        "Solar": 0.1396772756934499,
        "Wind": 4.40403272708479,
        "Hydro_Embalse": 12.24648,
        "Hydro_Pasada": 2.127272727272573,
        "Coal": 0,
        "Gas": 2.655729154220915,
        "Diesel": 0.05692661243497105,
        "Nuclear": 0.0
      }
    },
    "EC": {
      "generationMix": {
        "Solar": 45.15248501251784,
        "Wind": 1.566422825998509,
        "Hydro_Embalse": 20.03340482061952,
        "Hydro_Pasada": 7.768634752106677,
        "Coal": 0,
        "Gas": 3.757801213554167,
        "Diesel": 0.09052802872201923,
        "Nuclear": 0.0
      }
    },
    "ES": {
      "generationMix": {
        "Solar": 8.047208346251224,
        "Wind": 0.7021526519081812,
        "Hydro_Embalse": 3.7449,
        "Hydro_Pasada": 0.8692307692307064,
        "Coal": 0,
        "Gas": 1.185633317305576,
        "Diesel": 0.0,
        "Nuclear": 0.0
      }
    },
    "FG": {
      "generationMix": {
        "Solar": 0.2162049443034359,
        "Wind": 0.5320490556782679,
        "Hydro_Embalse": 0.94608,
        "Hydro_Pasada": 0.0304847999999978,
        "Coal": 0,
        "Gas": 0.322953071907976,
        "Diesel": 0.01065427899995104,
        "Nuclear": 0.0
      }
    },
    "GU": {
      "generationMix": {
        "Solar": 13.48444476188479,
        "Wind": 2.032389860266554,
        "Hydro_Embalse": 7.564260000000001,
        "Hydro_Pasada": 2.116666666666514,
        "Coal": 0,
        "Gas": 2.018665435575868,
        "Diesel": 0.0,
        "Nuclear": 0.0
      }
    },
    "GY": {
      "generationMix": {
        "Solar": 0.02247685,
        "Wind": 0.08108243185639058,
        "Hydro_Embalse": 5e-06,
        "Hydro_Pasada": 9.99999999999928e-07,
        "Coal": 0,
        "Gas": 1.58311693953249,
        "Diesel": 0.01467834864821611,
        "Nuclear": 0.0
      }
    },
    "HO": {
      "generationMix": {
        "Solar": 16.13172117916521,
        "Wind": 2.549888503641953,
        "Hydro_Embalse": 5.18154,
        "Hydro_Pasada": 1.684210526315668,
        "Coal": 0,
        "Gas": 4.177752652207259,
        "Diesel": 0.0198790410926198,
        "Nuclear": 0.0
      }
    },
    "MX": {
      "generationMix": {
        "Solar": 189.6067800324068,
        "Wind": 213.8416026464928,
        "Hydro_Embalse": 81.5556,
        "Hydro_Pasada": 7.723243243242685,
        "Coal": 0,
        "Gas": 73.41420035414319,
        "Diesel": 0.0,
        "Nuclear": 14.1036
      }
    },
    "NI": {
      "generationMix": {
        "Solar": 6.409352441294311,
        "Wind": 0.6055437782493162,
        "Hydro_Embalse": 0.84096,
        "Hydro_Pasada": 0.2745762711864209,
        "Coal": 0,
        "Gas": 2.23739054672661,
        "Diesel": 0.0,
        "Nuclear": 0.0
      }
    },
    "PA": {
      "generationMix": {
        "Solar": 3.041130198107281,
        "Wind": 4.253468341398116,
        "Hydro_Embalse": 11.28288,
        "Hydro_Pasada": 2.384516129032085,
        "Coal": 0,
        "Gas": 5.637073693913277,
        "Diesel": 0.1704019147376152,
        "Nuclear": 0.0
      }
    },
    "PE": {
      "generationMix": {
        "Solar": 16.45002802833332,
        "Wind": 18.55162519300553,
        "Hydro_Embalse": 25.43783770073447,
        "Hydro_Pasada": 9.64197876261147,
        "Coal": 0,
        "Gas": 64.86289923272086,
        "Diesel": 0.5659929186405342,
        "Nuclear": 0.0
      }
    },
    "PY": {
      "generationMix": {
        "Solar": 12.347202795393,
        "Wind": 0.0,
        "Hydro_Embalse": 50.54251414073659,
        "Hydro_Pasada": 0.3472784921017149,
        "Coal": 0,
        "Gas": 0.0,
        "Diesel": 0.00465,
        "Nuclear": 0.0
      }
    },
    "SU": {
      "generationMix": {
        "Solar": 0.02221914999999999,
        "Wind": 1.691954010882907,
        "Hydro_Embalse": 1.49796,
        "Hydro_Pasada": 0.01970999999999857,
        "Coal": 0,
        "Gas": 1.159900972823404,
        "Diesel": 0.0085116571601703,
        "Nuclear": 0.0
      }
    },
    "UY": {
      "generationMix": {
        "Solar": 0.5070716323139187,
        "Wind": 32.72796869993957,
        "Hydro_Embalse": 6.841236824937003,
        "Hydro_Pasada": 0.2023784851707772,
        "Coal": 0,
        "Gas": 0.1213910223125246,
        "Diesel": 0.00105,
        "Nuclear": 0.0
      }
    },
    "VE": {
      "generationMix": {
        "Solar": 0.0,
        "Wind": 0.02885384519686872,
        "Hydro_Embalse": 106.4358448251556,
        "Hydro_Pasada": 0.6203481096527474,
        "Coal": 0,
        "Gas": 0.7373350931665587,
        "Diesel": 0.0,
        "Nuclear": 0.0
      }
    }
  },
  "staticLines": [
    {
      "id": "PA-CR",
      "from": "Panama",
      "to": "Costa Rica",
      "existingCapacity": 300.0,
      "coordinates": {
        "c1": "(9.51102,-84.57103)",
        "c2": "(8.07574,-82.2729)"
      }
    },
    {
      "id": "BR-UY",
      "from": "Brazil",
      "to": "Uruguay",
      "existingCapacity": 570.0,
      "coordinates": {
        "c1": "(-24.26318,-49.54945)",
        "c2": "(-33.02693,-55.40152)"
      }
    },
    {
      "id": "BR-AR",
      "from": "Brazil",
      "to": "Argentina",
      "existingCapacity": 2250.0,