{
  "scenarioParameters": {
    "year": 2035,
    "transmission": "Integrated",
    "sovereignty": "WithSovereignty",
    "demand": "ElecPlus",
    "hydroAndean": "Low",
    "hydroConoSur": "Low"
  },
  "regional": {
    "generationMix": {
      "Solar": 599.1083359974895,
      "Wind": 1468.7922317566365,
      "Hydro_Embalse": 684.682972603112,
      "Hydro_Pasada": 80.05746867084811,
      "Coal": 0.0,
      "Gas": 67.74984879590636,
      "Diesel": 0.030093884179498487,
      "Nuclear": 45.23396162616872
    }
  },
  "countries": {
    "AR": {
      "generationMix": {
        "Solar": 177.304879967294,
        "Wind": 17.76276595701171,
        "Hydro_Embalse": 23.02023070176963,
        "Hydro_Pasada": 3.302428822821342,
        "Coal": 0,
        "Gas": 1.147467768380914,
        "Diesel": 0.0,
        "Nuclear": 13.72565999912103
      }
    },
    "BO": {
      "generationMix": {
        "Solar": 0.4732501279785112,
        "Wind": 109.0042133027896,
        "Hydro_Embalse": 2.572166962453967,
        "Hydro_Pasada": 0.6006431464915306,
        "Coal": 0,
        "Gas": 0.1360411320004385,
        "Diesel": 0.0,
        "Nuclear": 0.0
      }
    },
    "BR": {
      "generationMix": {
        "Solar": 59.01093180630703,
        "Wind": 717.7400086509515,
        "Hydro_Embalse": 286.6714354965559,
        "Hydro_Pasada": 24.13943149938633,
        "Coal": 0,
        "Gas": 0.3361147998417445,
        "Diesel": 0.0,
        "Nuclear": 17.4321286328324
      }
    },
    "BZ": {
      "generationMix": {
        "Solar": 0.02233463466037498,
        "Wind": 1.18143470537226,
        "Hydro_Embalse": 0.2285714285714286,
        "Hydro_Pasada": 0.0342857142857118,
        "Coal": 0,
        "Gas": 0.9954718796133949,
        "Diesel": 0.01645939587047464,
        "Nuclear": 0.0
      }
    },
    "CL": {
      "generationMix": {
        "Solar": 41.5921611770823,
        "Wind": 96.43372381539194,
        "Hydro_Embalse": 13.16949986669037,
        "Hydro_Pasada": 6.562236011597152,
        "Coal": 0,
        "Gas": 0.1133439362983225,
        "Diesel": 0.006077850500641451,
        "Nuclear": 0.0
      }
    },
    "CO": {
      "generationMix": {
        "Solar": 42.75299996649871,
        "Wind": 39.57843918278235,
        "Hydro_Embalse": 31.06134967140222,
        "Hydro_Pasada": 11.42337802886806,
        "Coal": 0,
        "Gas": 0.0,
        "Diesel": 0.0,
        "Nuclear": 0.0
      }
    },
    "CR": {
      "generationMix": {
        "Solar": 0.1332684956343866,
        "Wind": 8.856608772774988,
        "Hydro_Embalse": 12.20545242509873,
        "Hydro_Pasada": 2.101506862590059,
        "Coal": 0,
        "Gas": 0.0,
        "Diesel": 0.0,
        "Nuclear": 0.0
      }
    },
    "EC": {
      "generationMix": {
        "Solar": 34.04992192885145,
        "Wind": 1.729725711337222,
        "Hydro_Embalse": 12.04086391575325,
        "Hydro_Pasada": 4.64677328650227,
        "Coal": 0,
        "Gas": 0.013875009120111,
        "Diesel": 0.0,
        "Nuclear": 0.0
      }
    },
    "ES": {
      "generationMix": {
        "Solar": 5.267344980537746,
        "Wind": 0.7563894256670829,
        "Hydro_Embalse": 3.721175593300249,
        "Hydro_Pasada": 0.8508818895190877,
        "Coal": 0,
        "Gas": 0.01506840379352652,
        "Diesel": 0.0,
        "Nuclear": 0.0
      }
    },
    "FG": {
      "generationMix": {
        "Solar": 0.1297983,
        "Wind": 1.615014709519888,
        "Hydro_Embalse": 0.9146347250928117,
        "Hydro_Pasada": 0.02864802712535549,
        "Coal": 0,
        "Gas": 0.0,
        "Diesel": 0.0,
        "Nuclear": 0.0
      }
    },
    "GU": {
      "generationMix": {
        "Solar": 10.49642127989626,
        "Wind": 2.117558791205656,
        "Hydro_Embalse": 7.553904547940173,
        "Hydro_Pasada": 2.11038060880586,
        "Coal": 0,
        "Gas": 0.0,
        "Diesel": 0.0,
        "Nuclear": 0.0
      }
    },
    "GY": {
      "generationMix": {
        "Solar": 0.02247685,
        "Wind": 0.08108243185639058,
        "Hydro_Embalse": 5e-06,
        "Hydro_Pasada": 9.99999999999928e-07,
        "Coal": 0,
        "Gas": 0.0,
        "Diesel": 0.0,
        "Nuclear": 0.0
      }
    },
    "HO": {
      "generationMix": {
        "Solar": 14.19289538673845,
        "Wind": 2.68286755802159,
        "Hydro_Embalse": 5.150000831566746,
        "Hydro_Pasada": 1.672398302282539,
        "Coal": 0,
        "Gas": 0.001,
        "Diesel": 0.0,
        "Nuclear": 0.0
      }
    },
    "MX": {
      "generationMix": {
        "Solar": 173.5884678847341,
        "Wind": 194.1283119512056,
        "Hydro_Embalse": 81.46594921573437,
        "Hydro_Pasada": 7.690233597256928,
        "Coal": 0,
        "Gas": 61.96989038751601,
        "Diesel": 0.003895300011291093,
        "Nuclear": 14.07617299421529
      }
    },
    "NI": {
      "generationMix": {
        "Solar": 6.054093779336256,
        "Wind": 0.6012775774897656,
        "Hydro_Embalse": 0.8369973106453997,
        "Hydro_Pasada": 0.272852333410707,
        "Coal": 0,
        "Gas": 0.0,
        "Diesel": 0.0,
        "Nuclear": 0.0
      }
    },
    "PA": {
      "generationMix": {
        "Solar": 0.9524073499999998,
        "Wind": 4.816880987921321,
        "Hydro_Embalse": 11.27991999475187,
        "Hydro_Pasada": 2.380345782512353,
        "Coal": 0,
        "Gas": 0.0019,
        "Diesel": 0.0,
        "Nuclear": 0.0
      }
    },
    "PE": {
      "generationMix": {
        "Solar": 16.45002802833332,
        "Wind": 18.55162519300553,
        "Hydro_Embalse": 25.43783770073448,
        "Hydro_Pasada": 9.64197876261147,
        "Coal": 0,
        "Gas": 3.019675479341906,
        "Diesel": 0.0,
        "Nuclear": 0.0
      }
    },
    "PY": {
      "generationMix": {
        "Solar": 16.03709577651028,
        "Wind": 0.0,
        "Hydro_Embalse": 34.26090775509822,
        "Hydro_Pasada": 0.2375212481092863,
        "Coal": 0,
        "Gas": 0.0,
        "Diesel": 0.0,
        "Nuclear": 0.0
      }
    },
    "SU": {
      "generationMix": {
        "Solar": 0.02215377709625981,
        "Wind": 1.517231386776755,
        "Hydro_Embalse": 1.497715407813011,
        "Hydro_Pasada": 0.01959749999999858,
        "Coal": 0,
        "Gas": 0.0,
        "Diesel": 0.003661337797091305,
        "Nuclear": 0.0
      }
    },
    "UY": {
      "generationMix": {
        "Solar": 0.5554044999999999,
        "Wind": 216.9512807391073,
        "Hydro_Embalse": 6.841236824937004,
        "Hydro_Pasada": 0.1791991233939288,
        "Coal": 0,
        "Gas": 0.0,
        "Diesel": 0.0,
        "Nuclear": 0.0
      }
    },
    "VE": {
      "generationMix": {
        "Solar": 0.0,
        "Wind": 32.68579090644808,
        "Hydro_Embalse": 124.7531172272022,
        "Hydro_Pasada": 2.162747123278132,
        "Coal": 0,
        "Gas": 0.0,
        "Diesel": 0.0,
        "Nuclear": 0.0
      }
    }
  },
  "staticLines": [
    {
      "id": "PA-CR",
      "from": "Panama",
      "to": "Costa Rica",
      "existingCapacity": 300.0,
      "coordinates": {
        "c1": "(9.51102,-84.57103)",
        "c2": "(8.07574,-82.2729)"
      }
    },
    {
      "id": "BR-UY",
      "from": "Brazil",
      "to": "Uruguay",
      "existingCapacity": 570.0,
      "coordinates": {
        "c1": "(-24.26318,-49.54945)",
        "c2": "(-33.02693,-55.40152)"
      }
    },
    {
      "id": "BR-AR",
      "from": "Brazil",
      "to": "Argentina",
      "existingCapacity": 2250.0,
      "coordinates": {
        "c1": "(-24.26318,-49.54945)",
        "c2": "(-31.3157,-66.22498)"
      }
    },
    {
      "id": "PY-AR",
      "from": "Paraguay",