{
  "generation": {
    "regional": {
      "BESS": 7664.611413816045,
      "Coal": 0.0,
      "Diesel": 0.0,
      "Gas": 199.4610212512244,
      "Solar": 129827.04087466218,
      "Wind": 332090.707827506
    },
    "countries": {
      "Argentina": {
        "BESS": 0.0,
        "Coal": 0.0,
        "Diesel": 0.0,
        "Gas": 0.0,
        "Solar": 33523.20177658214,
        "Wind": 1282.0
      },
      "Belize": {
        "BESS": 33.40413224314958,
        "Coal": 0.0,
        "Diesel": 0.0,
        "Gas": 199.4610212512244,
        "Solar": 0.0,
        "Wind": 411.0
      },
      "Bolivia": {
        "BESS": 0.0,
        "Coal": 0.0,
        "Diesel": 0.0,
        "Gas": 0.0,
        "Solar": 15908.79146748568,
        "Wind": 29400.0
      },
      "Brazil": {
        "BESS": 0.0,
        "Coal": 0.0,
        "Diesel": 0.0,
        "Gas": 0.0,
        "Solar": 0.0,
        "Wind": 160185.0
      },
      "Chile": {
        "BESS": 0.0,
        "Coal": 0.0,
        "Diesel": 0.0,
        "Gas": 0.0,
        "Solar": 4582.30137155352,
        "Wind": 21459.0
      },
      "Colombia": {
        "BESS": 0.0,
        "Coal": 0.0,
        "Diesel": 0.0,
        "Gas": 0.0,
        "Solar": 0.0,
        "Wind": 11968.0
      },
      "Costa Rica": {
        "BESS": 0.0,
        "Coal": 0.0,
        "Diesel": 0.0,
        "Gas": 0.0,
        "Solar": 0.0,
        "Wind": 2300.0
      },
      "Ecuador": {
        "BESS": 0.0,
        "Coal": 0.0,
        "Diesel": 0.0,
        "Gas": 0.0,
        "Solar": 2889.875657031911,
        "Wind": 410.0
      },
      "El Salvador": {
        "BESS": 0.0,
        "Coal": 0.0,
        "Diesel": 0.0,
        "Gas": 0.0,
        "Solar": 1355.60012596959,
        "Wind": 200.0
      },
      "French Guiana": {
        "BESS": 0.0,
        "Coal": 0.0,
        "Diesel": 0.0,
        "Gas": 0.0,
        "Solar": 0.0,
        "Wind": 562.6189331906105
      },
      "Guatemala": {
        "BESS": 0.0,
        "Coal": 0.0,
        "Diesel": 0.0,
        "Gas": 0.0,
        "Solar": 2377.963846604613,
        "Wind": 600.0
      },
      "Guyana": {
        "BESS": 0.0,
        "Coal": 0.0,
        "Diesel": 0.0,
        "Gas": 0.0,
        "Solar": 0.0,
        "Wind": 25.0
      },
      "Honduras": {
        "BESS": 0.0,
        "Coal": 0.0,
        "Diesel": 0.0,
        "Gas": 0.0,
        "Solar": 3667.697608619389,
        "Wind": 700.0
      },
      "Mexico": {
        "BESS": 7631.207281572895,
        "Coal": 0.0,
        "Diesel": 0.0,
        "Gas": 0.0,
        "Solar": 64672.71791966535,
        "Wind": 47200.0
      },
      "Nicaragua": {
        "BESS": 0.0,
        "Coal": 0.0,
        "Diesel": 0.0,
        "Gas": 0.0,
        "Solar": 0.0,
        "Wind": 0.0
      },
      "Panama": {
        "BESS": 0.0,
        "Coal": 0.0,
        "Diesel": 0.0,
        "Gas": 0.0,
        "Solar": 0.0,
        "Wind": 1152.0
      },
      "Paraguay": {
        "BESS": 0.0,
        "Coal": 0.0,
        "Diesel": 0.0,
        "Gas": 0.0,
        "Solar": 0.0,
        "Wind": 0.0
      },
      "Peru": {
        "BESS": 0.0,
        "Coal": 0.0,
        "Diesel": 0.0,
        "Gas": 0.0,
        "Solar": 494.6420434993735,
        "Wind": 3658.0
      },
      "Suriname": {
        "BESS": 0.0,
        "Coal": 0.0,
        "Diesel": 0.0,
        "Gas": 0.0,
        "Solar": 0.0,
        "Wind": 496.9308916454771
      },
      "Uruguay": {
        "BESS": 0.0,
        "Coal": 0.0,
        "Diesel": 0.0,
        "Gas": 0.0,
        "Solar": 0.0,
        "Wind": 40081.15800266991
      },
      "Venezuela": {
        "BESS": 0.0,
        "Coal": 0.0,
        "Diesel": 0.0,
        "Gas": 0.0,
        "Solar": 354.249057650611,
        "Wind": 10000.0
      }
    }
  },
  "transmission": {
    "lines": [
      {
        "id": "PA-CO",
        "newCapacityMW": 16419.66024847173
      },
      {
        "id": "PA-CR",
        "newCapacityMW": 15114.02094989774
      },
      {
        "id": "BR-PY",
        "newCapacityMW": 301.5880290551731
      },
      {
        "id": "BR-UY",
        "newCapacityMW": 7146.598035285644
      },
      {
        "id": "BR-AR",
        "newCapacityMW": 2120.484637115732
      },
      {
        "id": "BR-BO",
        "newCapacityMW": 10647.35283996328
      },
      {
        "id": "BR-VE",
        "newCapacityMW": 17754.39216646992
      },
      {
        "id": "BR-FG",
        "newCapacityMW": 334.054512267938
      },
      {
        "id": "BR-GY",
        "newCapacityMW": 337.9159290740305
      },
      {
        "id": "PY-AR",
        "newCapacityMW": 0.0
      },
      {
        "id": "PY-BO",
        "newCapacityMW": 5537.56203882084
      },
      {
        "id": "UY-AR",
        "newCapacityMW": 18110.54317027816
      },
      {
        "id": "AR-CL",
        "newCapacityMW": 2765.829074362779
      },
      {
        "id": "AR-BO",
        "newCapacityMW": 1134.610604902336
      },
      {
        "id": "PE-CL",
        "newCapacityMW": 1397.443273341092
      },
      {
        "id": "PE-EC",
        "newCapacityMW": 4325.148299192067
      },
      {
        "id": "PE-BO",
        "newCapacityMW": 12576.07790692582
      },
      {
        "id": "CL-BO",
        "newCapacityMW": 3790.792041603758
      },
      {
        "id": "EC-CO",
        "newCapacityMW": 2084.607038319567
      },
      {
        "id": "CO-VE",
        "newCapacityMW": 20019.59261917632
      },
      {
        "id": "MX-GU",
        "newCapacityMW": 11880.50153554144
      },
      {
        "id": "HO-NI",
        "newCapacityMW": 13981.91160218304
      },
      {
        "id": "HO-ES",
        "newCapacityMW": 12358.77650415019
      },
      {
        "id": "NI-CR",
        "newCapacityMW": 14834.14941486497
      },
      {
        "id": "GU-ES",
        "newCapacityMW": 11957.38942787743
      },
      {
        "id": "FG-SU",
        "newCapacityMW": 209.3163323973469
      },
      {
        "id": "SU-GY",
        "newCapacityMW": 126.0374967723215
      }
    ]
  }
}