{
  "generation": {
    "regional": {
      "BESS": 8174.056197634016,
      "Coal": 0.0,
      "Diesel": 0.0,
      "Gas": 199.4610212512244,
      "Solar": 112550.92421902527,
      "Wind": 304923.9057228546
    },
    "countries": {
      "Argentina": {
        "BESS": 0.0,
        "Coal": 0.0,
        "Diesel": 0.0,
        "Gas": 0.0,
        "Solar": 18432.84674642802,
        "Wind": 1282.0
      },
      "Belize": {
        "BESS": 33.40413224314958,
        "Coal": 0.0,
        "Diesel": 0.0,
        "Gas": 199.4610212512244,
        "Solar": 0.0,
        "Wind": 411.0
      },
      "Bolivia": {
        "BESS": 0.0,
        "Coal": 0.0,
        "Diesel": 0.0,
        "Gas": 0.0,
        "Solar": 13515.85470682391,
        "Wind": 29400.0
      },
      "Brazil": {
        "BESS": 0.0,
        "Coal": 0.0,
        "Diesel": 0.0,
        "Gas": 0.0,
        "Solar": 0.0,
        "Wind": 160185.0
      },
      "Chile": {
        "BESS": 0.0,
        "Coal": 0.0,
        "Diesel": 0.0,
        "Gas": 0.0,
        "Solar": 4305.784927274784,
        "Wind": 21459.0
      },
      "Colombia": {
        "BESS": 0.0,
        "Coal": 0.0,
        "Diesel": 0.0,
        "Gas": 0.0,
        "Solar": 0.0,
        "Wind": 11968.0
      },
      "Costa Rica": {
        "BESS": 0.0,
        "Coal": 0.0,
        "Diesel": 0.0,
        "Gas": 0.0,
        "Solar": 0.0,
        "Wind": 2300.0
      },
      "Ecuador": {
        "BESS": 0.0,
        "Coal": 0.0,
        "Diesel": 0.0,
        "Gas": 0.0,
        "Solar": 3051.707925399657,
        "Wind": 410.0
      },
      "El Salvador": {
        "BESS": 0.0,
        "Coal": 0.0,
        "Diesel": 0.0,
        "Gas": 0.0,
        "Solar": 1375.119304351915,
        "Wind": 200.0
      },
      "French Guiana": {
        "BESS": 0.0,
        "Coal": 0.0,
        "Diesel": 0.0,
        "Gas": 0.0,
        "Solar": 0.0,
        "Wind": 533.961644338728
      },
      "Guatemala": {
        "BESS": 0.0,
        "Coal": 0.0,
        "Diesel": 0.0,
        "Gas": 0.0,
        "Solar": 2320.137320060723,
        "Wind": 600.0
      },
      "Guyana": {
        "BESS": 0.0,
        "Coal": 0.0,
        "Diesel": 0.0,
        "Gas": 0.0,
        "Solar": 0.0,
        "Wind": 25.0
      },
      "Honduras": {
        "BESS": 0.0,
        "Coal": 0.0,
        "Diesel": 0.0,
        "Gas": 0.0,
        "Solar": 3722.702892308611,
        "Wind": 700.0
      },
      "Mexico": {
        "BESS": 8130.312531528921,
        "Coal": 0.0,
        "Diesel": 0.0,
        "Gas": 0.0,
        "Solar": 64310.2742504836,
        "Wind": 47200.0
      },
      "Nicaragua": {
        "BESS": 0.0,
        "Coal": 0.0,
        "Diesel": 0.0,
        "Gas": 0.0,
        "Solar": 225.1931720015288,
        "Wind": 0.0
      },
      "Panama": {
        "BESS": 0.0,
        "Coal": 0.0,
        "Diesel": 0.0,
        "Gas": 0.0,
        "Solar": 0.0,
        "Wind": 1152.0
      },
      "Paraguay": {
        "BESS": 0.0,
        "Coal": 0.0,
        "Diesel": 0.0,
        "Gas": 0.0,
        "Solar": 0.0,
        "Wind": 0.0
      },
      "Peru": {
        "BESS": 0.0,
        "Coal": 0.0,
        "Diesel": 0.0,
        "Gas": 0.0,
        "Solar": 79.80741984788754,
        "Wind": 3658.0
      },
      "Suriname": {
        "BESS": 10.3395338619454,
        "Coal": 0.0,
        "Diesel": 0.0,
        "Gas": 0.0,
        "Solar": 0.0,
        "Wind": 487.1515137169477
      },
      "Uruguay": {
        "BESS": 0.0,
        "Coal": 0.0,
        "Diesel": 0.0,
        "Gas": 0.0,
        "Solar": 0.0,
        "Wind": 12952.79256479894
      },
      "Venezuela": {
        "BESS": 0.0,
        "Coal": 0.0,
        "Diesel": 0.0,
        "Gas": 0.0,
        "Solar": 1211.495554044634,
        "Wind": 10000.0
      }
    }
  },
  "transmission": {
    "lines": [
      {
        "id": "PA-CO",
        "newCapacityMW": 16823.86512729898
      },
      {
        "id": "PA-CR",
        "newCapacityMW": 15456.86103603788
      },
      {
        "id": "BR-PY",
        "newCapacityMW": 617.3434082431459
      },
      {
        "id": "BR-UY",
        "newCapacityMW": 670.1354575226214
      },
      {
        "id": "BR-AR",
        "newCapacityMW": 16757.82991674736
      },
      {
        "id": "BR-BO",
        "newCapacityMW": 9165.359779158309
      },
      {
        "id": "BR-VE",
        "newCapacityMW": 23982.6364534587
      },
      {
        "id": "BR-FG",
        "newCapacityMW": 328.0687887441843
      },
      {
        "id": "BR-GY",
        "newCapacityMW": 332.8618112955205
      },
      {
        "id": "PY-AR",
        "newCapacityMW": 0.0
      },
      {
        "id": "PY-BO",
        "newCapacityMW": 2127.273611632033
      },
      {
        "id": "UY-AR",
        "newCapacityMW": 3593.504631958202
      },
      {
        "id": "AR-CL",
        "newCapacityMW": 2548.343565391359
      },
      {
        "id": "AR-BO",
        "newCapacityMW": 1645.684726758559
      },
      {
        "id": "PE-CL",
        "newCapacityMW": 839.9444947865886
      },
      {
        "id": "PE-EC",
        "newCapacityMW": 7068.431229004313
      },
      {
        "id": "PE-BO",
        "newCapacityMW": 16376.40778461422
      },
      {
        "id": "CL-BO",
        "newCapacityMW": 4565.776329129681
      },
      {
        "id": "EC-CO",
        "newCapacityMW": 638.427950854275
      },
      {
        "id": "CO-VE",
        "newCapacityMW": 27665.00793223493
      },
      {
        "id": "MX-GU",
        "newCapacityMW": 12165.02187875488
      },
      {
        "id": "HO-NI",
        "newCapacityMW": 14318.79535297603
      },
      {
        "id": "HO-ES",
        "newCapacityMW": 12686.35550595521
      },
      {
        "id": "NI-CR",
        "newCapacityMW": 15170.36005566629
      },
      {
        "id": "GU-ES",
        "newCapacityMW": 12277.73080289722
      },
      {
        "id": "FG-SU",
        "newCapacityMW": 206.0993794670919
      },
      {
        "id": "SU-GY",
        "newCapacityMW": 118.7410363739168
      }
    ]
  }
}