{
  "scenarioParameters": {
    "year": 2035,
    "transmission": "Integrated",
    "sovereignty": "WithSovereignty",
    "demand": "ElecPlus",
    "hydroAndean": "High",
    "hydroConoSur": "High"
  },
  "regional": {
    "generationMix": {
      "Solar": 403.9066860996111,
      "Wind": 1095.7663717523524,
      "Hydro_Embalse": 1188.9471500532904,
      "Hydro_Pasada": 136.85436034804133,
      "Coal": 0.0,
      "Gas": 77.12150802479681,
      "Diesel": 0.03331789844504288,
      "Nuclear": 46.61636910514468
    }
  },
  "countries": {
    "AR": {
      "generationMix": {
        "Solar": 113.3877257095986,
        "Wind": 19.25745587411186,
        "Hydro_Embalse": 23.02023070176964,
        "Hydro_Pasada": 3.708581688344234,
        "Coal": 0,
        "Gas": 7.677506487065187,
        "Diesel": 0.0,
        "Nuclear": 15.33
      }
    },
    "BO": {
      "generationMix": {
        "Solar": 0.475472599664515,
        "Wind": 39.93827337845573,
        "Hydro_Embalse": 2.572166962454097,
        "Hydro_Pasada": 0.6236212482769303,
        "Coal": 0,
        "Gas": 1.012595600757844,
        "Diesel": 0.0,
        "Nuclear": 0.0
      }
    },
    "BR": {
      "generationMix": {
        "Solar": 59.08536874166663,
        "Wind": 615.6568363181723,
        "Hydro_Embalse": 692.7085379938678,
        "Hydro_Pasada": 57.71629021923986,
        "Coal": 0,
        "Gas": 3.837237165209255,
        "Diesel": 0.0,
        "Nuclear": 17.4324
      }
    },
    "BZ": {
      "generationMix": {
        "Solar": 0.02233463466037498,
        "Wind": 1.18143470537226,
        "Hydro_Embalse": 0.2285714285714286,
        "Hydro_Pasada": 0.0342857142857118,
        "Coal": 0,
        "Gas": 0.9954718796133949,
        "Diesel": 0.01645939587047461,
        "Nuclear": 0.0
      }
    },
    "CL": {
      "generationMix": {
        "Solar": 32.1658553390287,
        "Wind": 99.1002842324645,
        "Hydro_Embalse": 13.16949986668983,
        "Hydro_Pasada": 7.077459241095888,
        "Coal": 0,
        "Gas": 0.2649730175972678,
        "Diesel": 0.01178013739200991,
        "Nuclear": 0.0
      }
    },
    "CO": {
      "generationMix": {
        "Solar": 1.034209733333332,
        "Wind": 40.27424416707107,
        "Hydro_Embalse": 72.12083718013135,
        "Hydro_Pasada": 26.42687086072316,
        "Coal": 0,
        "Gas": 0.0,
        "Diesel": 0.0,
        "Nuclear": 0.0
      }
    },
    "CR": {
      "generationMix": {
        "Solar": 0.1396772756934499,
        "Wind": 9.098766769786153,
        "Hydro_Embalse": 12.24648,
        "Hydro_Pasada": 2.127272727272573,
        "Coal": 0,
        "Gas": 0.0,
        "Diesel": 0.0,
        "Nuclear": 0.0
      }
    },
    "EC": {
      "generationMix": {
        "Solar": 16.71544503457858,
        "Wind": 1.744646901137769,
        "Hydro_Embalse": 30.05010723092924,
        "Hydro_Pasada": 11.65295212816002,
        "Coal": 0,
        "Gas": 0.01742147177272715,
        "Diesel": 0.0,
        "Nuclear": 0.0
      }
    },
    "ES": {
      "generationMix": {
        "Solar": 5.262909778395746,
        "Wind": 0.8020241844833328,
        "Hydro_Embalse": 3.7449,
        "Hydro_Pasada": 0.8692307692307064,
        "Coal": 0,
        "Gas": 0.0,
        "Diesel": 0.0,
        "Nuclear": 0.0
      }
    },
    "FG": {
      "generationMix": {
        "Solar": 0.1304163,
        "Wind": 0.5632642352046066,
        "Hydro_Embalse": 0.94608,
        "Hydro_Pasada": 0.0304847999999978,
        "Coal": 0,
        "Gas": 0.0,
        "Diesel": 0.0,
        "Nuclear": 0.0
      }
    },
    "GU": {
      "generationMix": {
        "Solar": 7.730294865454693,
        "Wind": 2.274881780233999,
        "Hydro_Embalse": 7.564260000000001,
        "Hydro_Pasada": 2.116666666666514,
        "Coal": 0,
        "Gas": 0.0,
        "Diesel": 0.0,
        "Nuclear": 0.0
      }
    },
    "GY": {
      "generationMix": {
        "Solar": 0.02247685,
        "Wind": 0.0,
        "Hydro_Embalse": 5e-06,
        "Hydro_Pasada": 9.99999999999928e-07,
        "Coal": 0,
        "Gas": 0.0,
        "Diesel": 0.0,
        "Nuclear": 0.0
      }
    },
    "HO": {
      "generationMix": {
        "Solar": 14.48792404850036,
        "Wind": 2.876170381248549,
        "Hydro_Embalse": 5.18154,
        "Hydro_Pasada": 1.684210526315668,
        "Coal": 0,
        "Gas": 0.0,
        "Diesel": 0.0,
        "Nuclear": 0.0
      }
    },
    "MX": {
      "generationMix": {
        "Solar": 145.1988011764857,
        "Wind": 214.1018591852056,
        "Hydro_Embalse": 81.02040177670268,
        "Hydro_Pasada": 7.548784220209369,
        "Coal": 0,
        "Gas": 53.92952193649803,
        "Diesel": 0.001298991291432027,
        "Nuclear": 13.85396910514468
      }
    },
    "NI": {
      "generationMix": {
        "Solar": 1.976778855267701,
        "Wind": 0.6055437782493162,
        "Hydro_Embalse": 0.84096,
        "Hydro_Pasada": 0.2745762711864209,
        "Coal": 0,
        "Gas": 0.0,
        "Diesel": 0.0,
        "Nuclear": 0.0
      }
    },
    "PA": {
      "generationMix": {
        "Solar": 0.9524073499999998,
        "Wind": 4.829846037447079,
        "Hydro_Embalse": 11.28288,
        "Hydro_Pasada": 2.384516129032085,
        "Coal": 0,
        "Gas": 0.0,
        "Diesel": 0.0,
        "Nuclear": 0.0
      }
    },
    "PE": {
      "generationMix": {
        "Solar": 4.539556457282686,
        "Wind": 18.55162519300553,
        "Hydro_Embalse": 25.43783770073451,
        "Hydro_Pasada": 9.64197876261147,
        "Coal": 0,
        "Gas": 9.386780466283094,
        "Diesel": 0.0,
        "Nuclear": 0.0
      }
    },
    "PY": {
      "generationMix": {
        "Solar": 0.0,
        "Wind": 0.0,
        "Hydro_Embalse": 73.30539738650313,
        "Hydro_Pasada": 0.5056548902200976,
        "Coal": 0,
        "Gas": 0.0,
        "Diesel": 0.0,
        "Nuclear": 0.0
      }
    },
    "SU": {
      "generationMix": {
        "Solar": 0.02221914999999999,
        "Wind": 0.7910899339640084,
        "Hydro_Embalse": 1.49796,
        "Hydro_Pasada": 0.01970999999999857,
        "Coal": 0,
        "Gas": 0.0,
        "Diesel": 0.003779373891126336,
        "Nuclear": 0.0
      }
    },
    "UY": {
      "generationMix": {
        "Solar": 0.5568121999999999,
        "Wind": 23.9840999327546,
        "Hydro_Embalse": 6.841236824937002,
        "Hydro_Pasada": 0.2023784851707772,
        "Coal": 0,
        "Gas": 0.0,
        "Diesel": 0.0,
        "Nuclear": 0.0
      }
    },
    "VE": {
      "generationMix": {
        "Solar": 0.0,
        "Wind": 0.1340247639841936,
        "Hydro_Embalse": 125.16726,
        "Hydro_Pasada": 2.20883399999984,
        "Coal": 0,
        "Gas": 0.0,
        "Diesel": 0.0,
        "Nuclear": 0.0
      }
    }
  },
  "staticLines": [
    {
      "id": "PA-CR",
      "from": "Panama",
      "to": "Costa Rica",
      "existingCapacity": 300.0,
      "coordinates": {
        "c1": "(9.51102,-84.57103)",
        "c2": "(8.07574,-82.2729)"
      }
    },
    {
      "id": "BR-UY",
      "from": "Brazil",
      "to": "Uruguay",
      "existingCapacity": 570.0,
      "coordinates": {
        "c1": "(-24.26318,-49.54945)",
        "c2": "(-33.02693,-55.40152)"
      }
    },
    {
      "id": "BR-AR",
      "from": "Brazil",
      "to": "Argentina",
      "existingCapacity": 2250.0,
      "coordinates": {
        "c1": "(-24.26318,-49.54945)",
        "c2": "(-31.3157,-66.22498)"
      }
    },
    {
      "id": "PY-AR",
      "from": "Paraguay",
      "to": "Argentina",
      "existingCapacity": 3200.0,
      "coordinates": {
        "c1": "(-23.09956,-57.84811)",