{
  "scenarioParameters": {
    "year": 2045,
    "transmission": "Integrated",
    "sovereignty": "WithSovereignty",
    "demand": "ElecPlus",
    "hydroAndean": "High",
    "hydroConoSur": "High"
  },
  "regional": {
    "generationMix": {
      "Solar": 954.1845178700299,
      "Wind": 1485.8249963248088,
      "Hydro_Embalse": 1186.856567443913,
      "Hydro_Pasada": 136.50960704640244,
      "Coal": 0.0,
      "Gas": 123.50810059989823,
      "Diesel": 0.04240872902895979,
      "Nuclear": 46.18388197335826
    }
  },
  "countries": {
    "AR": {
      "generationMix": {
        "Solar": 188.756572186625,
        "Wind": 19.16803481844118,
        "Hydro_Embalse": 23.02023070176964,
        "Hydro_Pasada": 3.678255661874959,
        "Coal": 0,
        "Gas": 16.15718580388357,
        "Diesel": 0.0,
        "Nuclear": 15.2210310038295
      }
    },
    "BO": {
      "generationMix": {
        "Solar": 0.475472599664515,
        "Wind": 117.2701008854236,
        "Hydro_Embalse": 2.572166962454097,
        "Hydro_Pasada": 0.6236212482769303,
        "Coal": 0,
        "Gas": 2.641532985365396,
        "Diesel": 0.0,
        "Nuclear": 0.0
      }
    },
    "BR": {
      "generationMix": {
        "Solar": 179.2107081641127,
        "Wind": 717.9307836215022,
        "Hydro_Embalse": 692.7085379938671,
        "Hydro_Pasada": 57.71629021923986,
        "Coal": 0,
        "Gas": 18.13561730385505,
        "Diesel": 0.0,
        "Nuclear": 17.4324
      }
    },
    "BZ": {
      "generationMix": {
        "Solar": 0.02233463466037498,
        "Wind": 1.212958802060392,
        "Hydro_Embalse": 0.2285714285714286,
        "Hydro_Pasada": 0.0342857142857118,
        "Coal": 0,
        "Gas": 4.725916364945425,
        "Diesel": 0.02389602410277367,
        "Nuclear": 0.0
      }
    },
    "CL": {
      "generationMix": {
        "Solar": 104.3982947554382,
        "Wind": 96.92903534335532,
        "Hydro_Embalse": 13.16949986668983,
        "Hydro_Pasada": 6.906466424897304,
        "Coal": 0,
        "Gas": 0.08850051733100542,
        "Diesel": 0.0,
        "Nuclear": 0.0
      }
    },
    "CO": {
      "generationMix": {
        "Solar": 35.59812478899415,
        "Wind": 40.27424416707107,
        "Hydro_Embalse": 72.12083718013129,
        "Hydro_Pasada": 26.42687086072316,
        "Coal": 0,
        "Gas": 0.007525301967712712,
        "Diesel": 0.0,
        "Nuclear": 0.0
      }
    },
    "CR": {
      "generationMix": {
        "Solar": 0.1396772756934499,
        "Wind": 9.098766769786153,
        "Hydro_Embalse": 12.24648,
        "Hydro_Pasada": 2.127272727272573,
        "Coal": 0,
        "Gas": 0.0,
        "Diesel": 0.0,
        "Nuclear": 0.0
      }
    },
    "EC": {
      "generationMix": {
        "Solar": 72.1783782782534,
        "Wind": 1.744646901137769,
        "Hydro_Embalse": 30.05010723092926,
        "Hydro_Pasada": 11.65295212816002,
        "Coal": 0,
        "Gas": 0.04537329607426294,
        "Diesel": 0.004139769409568872,
        "Nuclear": 0.0
      }
    },
    "ES": {
      "generationMix": {
        "Solar": 8.192223691630572,
        "Wind": 0.801577021982916,
        "Hydro_Embalse": 3.7449,
        "Hydro_Pasada": 0.8692307692307064,
        "Coal": 0,
        "Gas": 0.0057,
        "Diesel": 0.0,
        "Nuclear": 0.0
      }
    },
    "FG": {
      "generationMix": {
        "Solar": 0.1304163,
        "Wind": 2.202861234275459,
        "Hydro_Embalse": 0.94608,
        "Hydro_Pasada": 0.0304847999999978,
        "Coal": 0,
        "Gas": 0.0,
        "Diesel": 0.0,
        "Nuclear": 0.0
      }
    },
    "GU": {
      "generationMix": {
        "Solar": 18.64549478046458,
        "Wind": 2.274881780233999,
        "Hydro_Embalse": 7.564260000000001,
        "Hydro_Pasada": 2.116666666666514,
        "Coal": 0,
        "Gas": 0.0,
        "Diesel": 0.0,
        "Nuclear": 0.0
      }
    },
    "GY": {
      "generationMix": {
        "Solar": 0.02247685,
        "Wind": 0.08108243185639058,
        "Hydro_Embalse": 5e-06,
        "Hydro_Pasada": 9.99999999999928e-07,
        "Coal": 0,
        "Gas": 0.0,
        "Diesel": 0.0,
        "Nuclear": 0.0
      }
    },
    "HO": {
      "generationMix": {
        "Solar": 28.05945477176957,
        "Wind": 2.876170381248549,
        "Hydro_Embalse": 5.18154,
        "Hydro_Pasada": 1.684210526315668,
        "Coal": 0,
        "Gas": 0.00075,
        "Diesel": 0.0,
        "Nuclear": 0.0
      }
    },
    "MX": {
      "generationMix": {
        "Solar": 281.9944324486356,
        "Wind": 208.6950387032299,
        "Hydro_Embalse": 78.9183965538292,
        "Hydro_Pasada": 7.395378687166744,
        "Coal": 0,
        "Gas": 63.81383828763087,
        "Diesel": 0.007419092758227316,
        "Nuclear": 13.53045096952876
      }
    },
    "NI": {
      "generationMix": {
        "Solar": 9.448068638163342,
        "Wind": 0.6055437782493162,
        "Hydro_Embalse": 0.84096,
        "Hydro_Pasada": 0.2745762711864209,
        "Coal": 0,
        "Gas": 0.0,
        "Diesel": 0.0,
        "Nuclear": 0.0
      }
    },
    "PA": {
      "generationMix": {
        "Solar": 0.9524073499999998,
        "Wind": 4.829846037447079,
        "Hydro_Embalse": 11.28288,
        "Hydro_Pasada": 2.384516129032085,
        "Coal": 0,
        "Gas": 0.0057,
        "Diesel": 0.0,
        "Nuclear": 0.0
      }
    },
    "PE": {
      "generationMix": {
        "Solar": 16.45002802833332,
        "Wind": 18.55162519300553,
        "Hydro_Embalse": 25.43783770073448,
        "Hydro_Pasada": 9.64197876261147,
        "Coal": 0,
        "Gas": 17.88046073884493,
        "Diesel": 0.0,
        "Nuclear": 0.0
      }
    },
    "PY": {
      "generationMix": {
        "Solar": 9.018868778043375,
        "Wind": 0.0,
        "Hydro_Embalse": 73.31682,
        "Hydro_Pasada": 0.5209177381525723,
        "Coal": 0,
        "Gas": 0.0,
        "Diesel": 0.003390755054920452,
        "Nuclear": 0.0
      }
    },
    "SU": {
      "generationMix": {
        "Solar": 0.02221914999999999,
        "Wind": 3.662418994401261,
        "Hydro_Embalse": 1.49796,
        "Hydro_Pasada": 0.01970999999999857,
        "Coal": 0,
        "Gas": 0.0,
        "Diesel": 0.003563087703469483,
        "Nuclear": 0.0
      }
    },
    "UY": {
      "generationMix": {
        "Solar": 0.4688643995478277,
        "Wind": 203.9751637000684,
        "Hydro_Embalse": 6.841236824937001,
        "Hydro_Pasada": 0.1970867113098683,
        "Coal": 0,
        "Gas": 0.0,
        "Diesel": 0.0,
        "Nuclear": 0.0
      }
    },
    "VE": {
      "generationMix": {
        "Solar": 0.0,
        "Wind": 33.64021576003261,
        "Hydro_Embalse": 125.16726,
        "Hydro_Pasada": 2.20883399999984,
        "Coal": 0,
        "Gas": 0.0,
        "Diesel": 0.0,
        "Nuclear": 0.0
      }
    }
  },
  "staticLines": [
    {
      "id": "PA-CR",
      "from": "Panama",
      "to": "Costa Rica",
      "existingCapacity": 300.0,
      "coordinates": {
        "c1": "(9.51102,-84.57103)",
        "c2": "(8.07574,-82.2729)"
      }
    },
    {
      "id": "BR-UY",
      "from": "Brazil",
      "to": "Uruguay",
      "existingCapacity": 570.0,
      "coordinates": {
        "c1": "(-24.26318,-49.54945)",
        "c2": "(-33.02693,-55.40152)"
      }
    },
    {
      "id": "BR-AR",
      "from": "Brazil",
      "to": "Argentina",
      "existingCapacity": 2250.0,
      "coordinates": {
        "c1": "(-24.26318,-49.54945)",
        "c2": "(-31.3157,-66.22498)"
      }
    },
    {
      "id": "PY-AR",
      "from": "Paraguay",
      "to": "Argentina",
      "existingCapacity": 3200.0,