{
  "scenarioParameters": {
    "year": 2045,
    "transmission": "Isolated",
    "sovereignty": "WithSovereignty",
    "demand": "ElecPlus",
    "hydroAndean": "High",
    "hydroConoSur": "High"
  },
  "regional": {
    "generationMix": {
      "Solar": 1158.256065278088,
      "Wind": 1082.9820610573752,
      "Hydro_Embalse": 1152.4247318663138,
      "Hydro_Pasada": 113.69993338764294,
      "Coal": 0.0,
      "Gas": 429.4201267007067,
      "Diesel": 3.742308895602547,
      "Nuclear": 35.43192852502294
    }
  },
  "countries": {
    "AR": {
      "generationMix": {
        "Solar": 217.2967420182669,
        "Wind": 18.95180815961928,
        "Hydro_Embalse": 23.02023070176964,
        "Hydro_Pasada": 3.039964943231573,
        "Coal": 0,
        "Gas": 71.83339765144648,
        "Diesel": 0.01401667469413013,
        "Nuclear": 12.58328831858771
      }
    },
    "BO": {
      "generationMix": {
        "Solar": 18.12855138207656,
        "Wind": 19.52124274279237,
        "Hydro_Embalse": 2.572166962454098,
        "Hydro_Pasada": 0.4989662373830251,
        "Coal": 0,
        "Gas": 2.364401427746103,
        "Diesel": 0.04980376222486989,
        "Nuclear": 0.0
      }
    },
    "BR": {
      "generationMix": {
        "Solar": 190.8677358623658,
        "Wind": 634.8553230055211,
        "Hydro_Embalse": 692.7085379938675,
        "Hydro_Pasada": 45.74338901552022,
        "Coal": 0,
        "Gas": 13.60182741673491,
        "Diesel": 0.06024928406608011,
        "Nuclear": 11.78448519293221
      }
    },
    "BZ": {
      "generationMix": {
        "Solar": 0.02233463466037498,
        "Wind": 1.212958802060392,
        "Hydro_Embalse": 0.2285714285714286,
        "Hydro_Pasada": 0.0342857142857118,
        "Coal": 0,
        "Gas": 4.725916364945425,
        "Diesel": 0.02389602410277367,
        "Nuclear": 0.0
      }
    },
    "CL": {
      "generationMix": {
        "Solar": 110.6358482597631,
        "Wind": 88.28253718101188,
        "Hydro_Embalse": 13.16949986668984,
        "Hydro_Pasada": 5.48350743233014,
        "Coal": 0,
        "Gas": 6.800213245037236,
        "Diesel": 0.08144786469907171,
        "Nuclear": 0.0
      }
    },
    "CO": {
      "generationMix": {
        "Solar": 79.82220493567579,
        "Wind": 40.20137232874296,
        "Hydro_Embalse": 72.12083718013133,
        "Hydro_Pasada": 24.21301568665767,
        "Coal": 0,
        "Gas": 13.44753483535234,
        "Diesel": 0.1879533225796913,
        "Nuclear": 0.0
      }
    },
    "CR": {
      "generationMix": {
        "Solar": 0.1158509609242239,
        "Wind": 9.098766769786153,
        "Hydro_Embalse": 11.96425554198864,
        "Hydro_Pasada": 1.884419335911702,
        "Coal": 0,
        "Gas": 6.084696726106975,
        "Diesel": 0.02696797330939559,
        "Nuclear": 0.0
      }
    },
    "EC": {
      "generationMix": {
        "Solar": 69.51820585841024,
        "Wind": 1.744646901137769,
        "Hydro_Embalse": 30.05010723092926,
        "Hydro_Pasada": 9.387226210383963,
        "Coal": 0,
        "Gas": 23.85947716436014,
        "Diesel": 0.1636913751381621,
        "Nuclear": 0.0
      }
    },
    "ES": {
      "generationMix": {
        "Solar": 11.60435615318482,
        "Wind": 0.8017734644643828,
        "Hydro_Embalse": 2.984211929096283,
        "Hydro_Pasada": 0.6825820585973574,
        "Coal": 0,
        "Gas": 2.044165221135949,
        "Diesel": 0.0,
        "Nuclear": 0.0
      }
    },
    "FG": {
      "generationMix": {
        "Solar": 0.2486905903978547,
        "Wind": 1.216633163067816,
        "Hydro_Embalse": 0.8180441384933916,
        "Hydro_Pasada": 0.02311836943508811,
        "Coal": 0,
        "Gas": 0.6995221474625477,
        "Diesel": 0.01473334714014444,
        "Nuclear": 0.0
      }
    },
    "GU": {
      "generationMix": {
        "Solar": 22.95720243652375,
        "Wind": 2.274881780233999,
        "Hydro_Embalse": 6.402446582945668,
        "Hydro_Pasada": 1.741859397208423,
        "Coal": 0,
        "Gas": 6.917909021750363,
        "Diesel": 0.0002267001088592451,
        "Nuclear": 0.0
      }
    },
    "GY": {
      "generationMix": {
        "Solar": 0.02247685,
        "Wind": 0.08108243185639058,
        "Hydro_Embalse": 5e-06,
        "Hydro_Pasada": 9.99999999999928e-07,
        "Coal": 0,
        "Gas": 1.829523132056827,
        "Diesel": 0.01660250189079848,
        "Nuclear": 0.0
      }
    },
    "HO": {
      "generationMix": {
        "Solar": 29.76843237573041,
        "Wind": 2.875095294367749,
        "Hydro_Embalse": 4.19986621610558,
        "Hydro_Pasada": 1.35602436143,
        "Coal": 0,
        "Gas": 11.32613016251551,
        "Diesel": 0.01156236744262574,
        "Nuclear": 0.0
      }
    },
    "MX": {
      "generationMix": {
        "Solar": 352.2995771597323,
        "Wind": 199.6088773152663,
        "Hydro_Embalse": 66.23834366925406,
        "Hydro_Pasada": 6.030947037224822,
        "Coal": 0,
        "Gas": 93.73370858767031,
        "Diesel": 0.0,
        "Nuclear": 11.06415501350302
      }
    },
    "NI": {
      "generationMix": {
        "Solar": 9.830532165750038,
        "Wind": 0.4662894206695439,
        "Hydro_Embalse": 0.7042463909678038,
        "Hydro_Pasada": 0.2282076063570885,
        "Coal": 0,
        "Gas": 4.006738268972944,
        "Diesel": 0.0,
        "Nuclear": 0.0
      }
    },
    "PA": {
      "generationMix": {
        "Solar": 3.317252769999999,
        "Wind": 4.829846037447079,
        "Hydro_Embalse": 11.27043257734409,
        "Hydro_Pasada": 2.362706306301025,
        "Coal": 0,
        "Gas": 17.13329170103307,
        "Diesel": 0.1549498025773516,
        "Nuclear": 0.0
      }
    },
    "PE": {
      "generationMix": {
        "Solar": 16.45002802833332,
        "Wind": 18.55162519300553,
        "Hydro_Embalse": 25.43783770073448,
        "Hydro_Pasada": 9.64197876261147,
        "Coal": 0,
        "Gas": 146.2044,
        "Diesel": 2.866335575733646,
        "Nuclear": 0.0
      }
    },
    "PY": {
      "generationMix": {
        "Solar": 24.92694499001208,
        "Wind": 0.0,
        "Hydro_Embalse": 71.5767217903875,
        "Hydro_Pasada": 0.4735198933909154,
        "Coal": 0,
        "Gas": 0.0,
        "Diesel": 0.05557833782255471,
        "Nuclear": 0.0
      }
    },
    "SU": {
      "generationMix": {
        "Solar": 0.0171944139422356,
        "Wind": 3.333608247684613,
        "Hydro_Embalse": 1.217470876602887,
        "Hydro_Pasada": 0.01479374999999893,
        "Coal": 0,
        "Gas": 2.02341862983988,
        "Diesel": 0.01429398207239281,
        "Nuclear": 0.0
      }
    },
    "UY": {
      "generationMix": {
        "Solar": 0.4059034323382786,
        "Wind": 35.05091818869353,
        "Hydro_Embalse": 6.841236824937004,
        "Hydro_Pasada": 0.1551444794986023,
        "Coal": 0,
        "Gas": 0.02665932275503522,
        "Diesel": 0.0,
        "Nuclear": 0.0
      }
    },
    "VE": {
      "generationMix": {
        "Solar": 0.0,
        "Wind": 0.02277462994633309,
        "Hydro_Embalse": 108.8996612630435,
        "Hydro_Pasada": 0.7042757898841472,
        "Coal": 0,
        "Gas": 0.7571956737847333,
        "Diesel": 0.0,
        "Nuclear": 0.0
      }
    }
  },
  "staticLines": [
    {
      "id": "PA-CR",
      "from": "Panama",
      "to": "Costa Rica",
      "existingCapacity": 300.0,
      "coordinates": {
        "c1": "(9.51102,-84.57103)",
        "c2": "(8.07574,-82.2729)"
      }
    },
    {
      "id": "BR-UY",
      "from": "Brazil",
      "to": "Uruguay",
      "existingCapacity": 570.0,
      "coordinates": {
        "c1": "(-24.26318,-49.54945)",