{
  "scenarioParameters": {
    "year": 2045,
    "transmission": "Isolated",
    "sovereignty": "WithSovereignty",
    "demand": "ElecPlus",
    "hydroAndean": "Medium",
    "hydroConoSur": "Medium"
  },
  "regional": {
    "generationMix": {
      "Solar": 1237.2054286336113,
      "Wind": 1165.2462014354392,
      "Hydro_Embalse": 866.3338889256931,
      "Hydro_Pasada": 93.9647974868118,
      "Coal": 0.0,
      "Gas": 537.6584941383023,
      "Diesel": 4.098654112325641,
      "Nuclear": 40.83085673832771
    }
  },
  "countries": {
    "AR": {
      "generationMix": {
        "Solar": 222.2593979710916,
        "Wind": 18.67205715332998,
        "Hydro_Embalse": 23.02023070176964,
        "Hydro_Pasada": 3.002654464784711,
        "Coal": 0,
        "Gas": 82.69346429507178,
        "Diesel": 0.06589506919412934,
        "Nuclear": 12.41708855826807
      }
    },
    "BO": {
      "generationMix": {
        "Solar": 18.11272811485076,
        "Wind": 19.5661357506594,
        "Hydro_Embalse": 2.572166962454097,
        "Hydro_Pasada": 0.4960517564302322,
        "Coal": 0,
        "Gas": 2.382572276036808,
        "Diesel": 0.05368209093483566,
        "Nuclear": 0.0
      }
    },
    "BR": {
      "generationMix": {
        "Solar": 191.0550403041665,
        "Wind": 717.686201521799,
        "Hydro_Embalse": 461.8056919959121,
        "Hydro_Pasada": 38.38494362887884,
        "Coal": 0,
        "Gas": 111.9690367572171,
        "Diesel": 0.4712653158754924,
        "Nuclear": 17.34961316655662
      }
    },
    "BZ": {
      "generationMix": {
        "Solar": 0.02233463466037498,
        "Wind": 1.212958802060392,
        "Hydro_Embalse": 0.2285714285714286,
        "Hydro_Pasada": 0.0342857142857118,
        "Coal": 0,
        "Gas": 4.725916364945425,
        "Diesel": 0.02389602410277367,
        "Nuclear": 0.0
      }
    },
    "CL": {
      "generationMix": {
        "Solar": 110.6352639146883,
        "Wind": 88.28072410485453,
        "Hydro_Embalse": 13.16949986668984,
        "Hydro_Pasada": 5.484715522863319,
        "Coal": 0,
        "Gas": 6.807049921240667,
        "Diesel": 0.08144786469907171,
        "Nuclear": 0.0
      }
    },
    "CO": {
      "generationMix": {
        "Solar": 120.6517614605954,
        "Wind": 36.01286481449071,
        "Hydro_Embalse": 48.08055812008752,
        "Hydro_Pasada": 15.25491618475439,
        "Coal": 0,
        "Gas": 11.16099908469829,
        "Diesel": 0.1038015377851538,
        "Nuclear": 0.0
      }
    },
    "CR": {
      "generationMix": {
        "Solar": 0.1157332196526739,
        "Wind": 9.098766769786153,
        "Hydro_Embalse": 11.96563134721159,
        "Hydro_Pasada": 1.881014916098204,
        "Coal": 0,
        "Gas": 6.080090081943897,
        "Diesel": 0.02712068971849574,
        "Nuclear": 0.0
      }
    },
    "EC": {
      "generationMix": {
        "Solar": 80.08414244178483,
        "Wind": 1.744646901137769,
        "Hydro_Embalse": 20.03340482061952,
        "Hydro_Pasada": 6.194046898656235,
        "Coal": 0,
        "Gas": 25.13236064944958,
        "Diesel": 0.1577578637098506,
        "Nuclear": 0.0
      }
    },
    "ES": {
      "generationMix": {
        "Solar": 11.60435615318482,
        "Wind": 0.8017734644643828,
        "Hydro_Embalse": 2.984211929096283,
        "Hydro_Pasada": 0.6825820585973574,
        "Coal": 0,
        "Gas": 2.042046132488694,
        "Diesel": 0.0,
        "Nuclear": 0.0
      }
    },
    "FG": {
      "generationMix": {
        "Solar": 0.2488563573098302,
        "Wind": 1.216467396155841,
        "Hydro_Embalse": 0.8180441384933916,
        "Hydro_Pasada": 0.02311836943508811,
        "Coal": 0,
        "Gas": 0.6995221474625477,
        "Diesel": 0.01473334714014444,
        "Nuclear": 0.0
      }
    },
    "GU": {
      "generationMix": {
        "Solar": 22.95720243652375,
        "Wind": 2.274881780233999,
        "Hydro_Embalse": 6.402446582945668,
        "Hydro_Pasada": 1.741859397208423,
        "Coal": 0,
        "Gas": 6.918345523661944,
        "Diesel": 0.000226700108859244,
        "Nuclear": 0.0
      }
    },
    "GY": {
      "generationMix": {
        "Solar": 0.02247685,
        "Wind": 0.08108243185639058,
        "Hydro_Embalse": 5e-06,
        "Hydro_Pasada": 9.99999999999928e-07,
        "Coal": 0,
        "Gas": 1.829523132056827,
        "Diesel": 0.01660250189079848,
        "Nuclear": 0.0
      }
    },
    "HO": {
      "generationMix": {
        "Solar": 29.76843237573041,
        "Wind": 2.875095294367749,
        "Hydro_Embalse": 4.199594294999635,
        "Hydro_Pasada": 1.35602436143,
        "Coal": 0,
        "Gas": 11.330300304767,
        "Diesel": 0.01140965103352543,
        "Nuclear": 0.0
      }
    },
    "MX": {
      "generationMix": {
        "Solar": 352.7155415439123,
        "Wind": 199.1929129310864,
        "Hydro_Embalse": 66.23834366925406,
        "Hydro_Pasada": 6.030947037224822,
        "Coal": 0,
        "Gas": 93.73370858767031,
        "Diesel": 0.0,
        "Nuclear": 11.06415501350302
      }
    },
    "NI": {
      "generationMix": {
        "Solar": 9.82952110665549,
        "Wind": 0.4665027858610857,
        "Hydro_Embalse": 0.7047263909678039,
        "Hydro_Pasada": 0.2285253002600944,
        "Coal": 0,
        "Gas": 4.008464230449976,
        "Diesel": 0.0,
        "Nuclear": 0.0
      }
    },
    "PA": {
      "generationMix": {
        "Solar": 3.317252769999999,
        "Wind": 4.829846037447079,
        "Hydro_Embalse": 11.27043257734409,
        "Hydro_Pasada": 2.362706306301025,
        "Coal": 0,
        "Gas": 17.13368482820329,
        "Diesel": 0.1549498025773516,
        "Nuclear": 0.0
      }
    },
    "PE": {
      "generationMix": {
        "Solar": 16.45002802833332,
        "Wind": 18.55162519300553,
        "Hydro_Embalse": 25.43783770073447,
        "Hydro_Pasada": 9.64197876261147,
        "Coal": 0,
        "Gas": 146.2044,
        "Diesel": 2.874180514585771,
        "Nuclear": 0.0
      }
    },
    "PY": {
      "generationMix": {
        "Solar": 46.92819252868637,
        "Wind": 0.0,
        "Hydro_Embalse": 50.54251414073658,
        "Hydro_Pasada": 0.3100330495856427,
        "Coal": 0,
        "Gas": 0.0,
        "Diesel": 0.02739115689699516,
        "Nuclear": 0.0
      }
    },
    "SU": {
      "generationMix": {
        "Solar": 0.0171944139422356,
        "Wind": 3.333609181591081,
        "Hydro_Embalse": 1.217470876602887,
        "Hydro_Pasada": 0.01479374999999893,
        "Coal": 0,
        "Gas": 2.02341862983988,
        "Diesel": 0.01429398207239281,
        "Nuclear": 0.0
      }
    },
    "UY": {
      "generationMix": {
        "Solar": 0.4099720078425912,
        "Wind": 39.32533307778779,
        "Hydro_Embalse": 6.841236824937004,
        "Hydro_Pasada": 0.1463583364178764,
        "Coal": 0,
        "Gas": 0.03378237537883986,
        "Diesel": 0.0,
        "Nuclear": 0.0
      }
    },
    "VE": {
      "generationMix": {
        "Solar": 0.0,
        "Wind": 0.0227160434641126,
        "Hydro_Embalse": 108.8012695562656,
        "Hydro_Pasada": 0.6932406709883641,
        "Coal": 0,
        "Gas": 0.7498088157196178,
        "Diesel": 0.0,
        "Nuclear": 0.0
      }
    }
  },
  "staticLines": [
    {
      "id": "PA-CR",
      "from": "Panama",
      "to": "Costa Rica",
      "existingCapacity": 300.0,
      "coordinates": {
        "c1": "(9.51102,-84.57103)",
        "c2": "(8.07574,-82.2729)"
      }
    },
    {
      "id": "BR-UY",
      "from": "Brazil",
      "to": "Uruguay",
      "existingCapacity": 570.0,
      "coordinates": {
        "c1": "(-24.26318,-49.54945)",