{
  "generation": {
    "regional": {
      "BESS": 44945.37091872683,
      "Coal": 0.0,
      "Diesel": 0.0,
      "Gas": 748.5197705718888,
      "Solar": 242509.84819317234,
      "Wind": 387925.8473277959
    },
    "countries": {
      "Argentina": {
        "BESS": 0.0,
        "Coal": 0.0,
        "Diesel": 0.0,
        "Gas": 0.0,
        "Solar": 18222.57421861587,
        "Wind": 1282.0
      },
      "Belize": {
        "BESS": 0.0,
        "Coal": 0.0,
        "Diesel": 0.0,
        "Gas": 748.5197705718888,
        "Solar": 0.0,
        "Wind": 411.0
      },
      "Bolivia": {
        "BESS": 3495.637818658776,
        "Coal": 0.0,
        "Diesel": 0.0,
        "Gas": 0.0,
        "Solar": 42997.04915676138,
        "Wind": 29400.0
      },
      "Brazil": {
        "BESS": 0.0,
        "Coal": 0.0,
        "Diesel": 0.0,
        "Gas": 0.0,
        "Solar": 0.0,
        "Wind": 160185.0
      },
      "Chile": {
        "BESS": 3811.448744143013,
        "Coal": 0.0,
        "Diesel": 0.0,
        "Gas": 0.0,
        "Solar": 25062.05413155791,
        "Wind": 21459.0
      },
      "Colombia": {
        "BESS": 1383.982307276428,
        "Coal": 0.0,
        "Diesel": 0.0,
        "Gas": 0.0,
        "Solar": 0.0,
        "Wind": 11968.0
      },
      "Costa Rica": {
        "BESS": 33.44453779639099,
        "Coal": 0.0,
        "Diesel": 0.0,
        "Gas": 0.0,
        "Solar": 0.0,
        "Wind": 2300.0
      },
      "Ecuador": {
        "BESS": 3316.670315285891,
        "Coal": 0.0,
        "Diesel": 0.0,
        "Gas": 0.0,
        "Solar": 7426.132104743224,
        "Wind": 410.0
      },
      "El Salvador": {
        "BESS": 604.4062981278345,
        "Coal": 0.0,
        "Diesel": 0.0,
        "Gas": 0.0,
        "Solar": 2865.210737178074,
        "Wind": 200.0
      },
      "French Guiana": {
        "BESS": 98.25888206573995,
        "Coal": 0.0,
        "Diesel": 0.0,
        "Gas": 0.0,
        "Solar": 0.0,
        "Wind": 2610.0
      },
      "Guatemala": {
        "BESS": 0.0,
        "Coal": 0.0,
        "Diesel": 0.0,
        "Gas": 0.0,
        "Solar": 2415.975347477568,
        "Wind": 600.0
      },
      "Guyana": {
        "BESS": 0.0,
        "Coal": 0.0,
        "Diesel": 0.0,
        "Gas": 0.0,
        "Solar": 0.0,
        "Wind": 25.0
      },
      "Honduras": {
        "BESS": 235.4826991044099,
        "Coal": 0.0,
        "Diesel": 0.0,
        "Gas": 0.0,
        "Solar": 8316.682033182622,
        "Wind": 700.0
      },
      "Mexico": {
        "BESS": 29955.92265545495,
        "Coal": 0.0,
        "Diesel": 0.0,
        "Gas": 0.0,
        "Solar": 127703.2796575023,
        "Wind": 47200.0
      },
      "Nicaragua": {
        "BESS": 60.74506215107674,
        "Coal": 0.0,
        "Diesel": 0.0,
        "Gas": 0.0,
        "Solar": 2634.721884447145,
        "Wind": 0.0
      },
      "Panama": {
        "BESS": 294.404213628439,
        "Coal": 0.0,
        "Diesel": 0.0,
        "Gas": 0.0,
        "Solar": 0.0,
        "Wind": 1152.0
      },
      "Paraguay": {
        "BESS": 163.4527482494664,
        "Coal": 0.0,
        "Diesel": 0.0,
        "Gas": 0.0,
        "Solar": 0.0,
        "Wind": 0.0
      },
      "Peru": {
        "BESS": 0.0,
        "Coal": 0.0,
        "Diesel": 0.0,
        "Gas": 0.0,
        "Solar": 2528.893664468148,
        "Wind": 3658.0
      },
      "Suriname": {
        "BESS": 81.35620509013859,
        "Coal": 0.0,
        "Diesel": 0.0,
        "Gas": 0.0,
        "Solar": 0.0,
        "Wind": 1988.283806805141
      },
      "Uruguay": {
        "BESS": 1161.954509488554,
        "Coal": 0.0,
        "Diesel": 0.0,
        "Gas": 0.0,
        "Solar": 0.0,
        "Wind": 92377.5635209908
      },
      "Venezuela": {
        "BESS": 248.2039222057267,
        "Coal": 0.0,
        "Diesel": 0.0,
        "Gas": 0.0,
        "Solar": 2337.275257238103,
        "Wind": 10000.0
      }
    }
  },
  "transmission": {
    "lines": [
      {
        "id": "PA-CO",
        "newCapacityMW": 23445.91340340398
      },
      {
        "id": "PA-CR",
        "newCapacityMW": 21019.29254285599
      },
      {
        "id": "BR-PY",
        "newCapacityMW": 3023.227965481441
      },
      {
        "id": "BR-UY",
        "newCapacityMW": 14503.65711814376
      },
      {
        "id": "BR-AR",
        "newCapacityMW": 0.0
      },
      {
        "id": "BR-BO",
        "newCapacityMW": 14074.58729114527
      },
      {
        "id": "BR-VE",
        "newCapacityMW": 28791.84743873026
      },
      {
        "id": "BR-FG",
        "newCapacityMW": 2240.367059440557
      },
      {
        "id": "BR-GY",
        "newCapacityMW": 423.7119155549843
      },
      {
        "id": "PY-AR",
        "newCapacityMW": 0.0
      },
      {
        "id": "PY-BO",
        "newCapacityMW": 3042.596779280463
      },
      {
        "id": "UY-AR",
        "newCapacityMW": 44776.23608254571
      },
      {
        "id": "AR-CL",
        "newCapacityMW": 10059.59217917617
      },
      {
        "id": "AR-BO",
        "newCapacityMW": 5653.58294786718
      },
      {
        "id": "PE-CL",
        "newCapacityMW": 1456.755551534666
      },
      {
        "id": "PE-EC",
        "newCapacityMW": 8947.00472070149
      },
      {
        "id": "PE-BO",
        "newCapacityMW": 26273.55534037523
      },
      {
        "id": "CL-BO",
        "newCapacityMW": 1519.781790453322
      },
      {
        "id": "EC-CO",
        "newCapacityMW": 2347.611921871627
      },
      {
        "id": "CO-VE",
        "newCapacityMW": 32626.00463671858
      },
      {
        "id": "MX-GU",
        "newCapacityMW": 17101.2312986798
      },
      {
        "id": "HO-NI",
        "newCapacityMW": 18969.84198151986
      },
      {
        "id": "HO-ES",
        "newCapacityMW": 15752.37898971953
      },
      {
        "id": "NI-CR",
        "newCapacityMW": 20218.99848255489
      },
      {
        "id": "GU-ES",
        "newCapacityMW": 15213.9266820719
      },
      {
        "id": "FG-SU",
        "newCapacityMW": 330.0894483300268
      },
      {
        "id": "SU-GY",
        "newCapacityMW": 612.0940283323202
      }
    ]
  }
}