{
  "scenarioParameters": {
    "year": 2045,
    "transmission": "Isolated",
    "sovereignty": "WithoutSovereignty",
    "demand": "ElecPlus",
    "hydroAndean": "High",
    "hydroConoSur": "Low"
  },
  "regional": {
    "generationMix": {
      "Solar": 1161.542210370142,
      "Wind": 1170.738377517459,
      "Hydro_Embalse": 830.7296591197238,
      "Hydro_Pasada": 101.35798438796454,
      "Coal": 0.0,
      "Gas": 628.8801135481193,
      "Diesel": 7.368764043877514,
      "Nuclear": 41.07449953873797
    }
  },
  "countries": {
    "AR": {
      "generationMix": {
        "Solar": 200.9414823655395,
        "Wind": 19.11591176184969,
        "Hydro_Embalse": 23.02023070176964,
        "Hydro_Pasada": 3.116609296952901,
        "Coal": 0,
        "Gas": 114.2382073975477,
        "Diesel": 0.5646498697867781,
        "Nuclear": 12.91618683514937
      }
    },
    "BO": {
      "generationMix": {
        "Solar": 18.2615755182425,
        "Wind": 19.50047494118651,
        "Hydro_Embalse": 2.572166962454097,
        "Hydro_Pasada": 0.4998209671043343,
        "Coal": 0,
        "Gas": 2.650631573961429,
        "Diesel": 0.04812551938129103,
        "Nuclear": 0.0
      }
    },
    "BR": {
      "generationMix": {
        "Solar": 191.0278244431406,
        "Wind": 716.3206455468721,
        "Hydro_Embalse": 408.4825662457492,
        "Hydro_Pasada": 33.76967448950879,
        "Coal": 0,
        "Gas": 170.826236867611,
        "Diesel": 2.684324097779671,
        "Nuclear": 17.06266115744236
      }
    },
    "BZ": {
      "generationMix": {
        "Solar": 0.02233463466037498,
        "Wind": 1.212958802060392,
        "Hydro_Embalse": 0.2285714285714286,
        "Hydro_Pasada": 0.0342857142857118,
        "Coal": 0,
        "Gas": 4.71644249154261,
        "Diesel": 0.03327812279146464,
        "Nuclear": 0.0
      }
    },
    "CL": {
      "generationMix": {
        "Solar": 110.9298079585974,
        "Wind": 88.15940495802218,
        "Hydro_Embalse": 13.16949986668983,
        "Hydro_Pasada": 5.475988523581921,
        "Coal": 0,
        "Gas": 6.801407618223561,
        "Diesel": 0.08402296188000384,
        "Nuclear": 0.0
      }
    },
    "CO": {
      "generationMix": {
        "Solar": 80.05490455713165,
        "Wind": 40.07285183328705,
        "Hydro_Embalse": 72.12083718013133,
        "Hydro_Pasada": 24.10688436216618,
        "Coal": 0,
        "Gas": 13.44434830483094,
        "Diesel": 0.1879533225796913,
        "Nuclear": 0.0
      }
    },
    "CR": {
      "generationMix": {
        "Solar": 0.102381717018964,
        "Wind": 9.098766769786153,
        "Hydro_Embalse": 11.74991362814481,
        "Hydro_Pasada": 1.757108055726207,
        "Coal": 0,
        "Gas": 5.904489517860908,
        "Diesel": 0.1012261765575602,
        "Nuclear": 0.0
      }
    },
    "EC": {
      "generationMix": {
        "Solar": 69.46357721741356,
        "Wind": 1.744646901137769,
        "Hydro_Embalse": 30.05010723092926,
        "Hydro_Pasada": 9.441854851380635,
        "Coal": 0,
        "Gas": 23.54567099194009,
        "Diesel": 0.1684544614650303,
        "Nuclear": 0.0
      }
    },
    "ES": {
      "generationMix": {
        "Solar": 11.59184517533699,
        "Wind": 0.8018084454763733,
        "Hydro_Embalse": 2.984727271559199,
        "Hydro_Pasada": 0.6834191142711367,
        "Coal": 0,
        "Gas": 1.869728684780912,
        "Diesel": 0.0,
        "Nuclear": 0.0
      }
    },
    "FG": {
      "generationMix": {
        "Solar": 0.248787131777981,
        "Wind": 1.217033922423616,
        "Hydro_Embalse": 0.8191711481463159,
        "Hydro_Pasada": 0.02318758418572848,
        "Coal": 0,
        "Gas": 0.6995221474625477,
        "Diesel": 0.01473334714014445,
        "Nuclear": 0.0
      }
    },
    "GU": {
      "generationMix": {
        "Solar": 22.97263086884061,
        "Wind": 2.274881780233999,
        "Hydro_Embalse": 6.397805797547752,
        "Hydro_Pasada": 1.742334691076323,
        "Coal": 0,
        "Gas": 6.959626291439615,
        "Diesel": 0.0005368360276274596,
        "Nuclear": 0.0
      }
    },
    "GY": {
      "generationMix": {
        "Solar": 0.02247685,
        "Wind": 0.08108243185639058,
        "Hydro_Embalse": 5e-06,
        "Hydro_Pasada": 9.99999999999928e-07,
        "Coal": 0,
        "Gas": 1.829523132056827,
        "Diesel": 0.01660250189079848,
        "Nuclear": 0.0
      }
    },
    "HO": {
      "generationMix": {
        "Solar": 29.94837758417416,
        "Wind": 2.695188445421078,
        "Hydro_Embalse": 4.20086939743669,
        "Hydro_Pasada": 1.353169420676544,
        "Coal": 0,
        "Gas": 11.57802327594609,
        "Diesel": 0.01753082582707285,
        "Nuclear": 0.0
      }
    },
    "MX": {
      "generationMix": {
        "Solar": 351.3074902257478,
        "Wind": 200.6009329390192,
        "Hydro_Embalse": 66.20961839910969,
        "Hydro_Pasada": 6.028106101439206,
        "Coal": 0,
        "Gas": 93.73491247216901,
        "Diesel": 0.0,
        "Nuclear": 11.09565154614624
      }
    },
    "NI": {
      "generationMix": {
        "Solar": 9.83235460690132,
        "Wind": 0.4666354669946868,
        "Hydro_Embalse": 0.704729321652578,
        "Hydro_Pasada": 0.2281738372516554,
        "Coal": 0,
        "Gas": 3.995598658570611,
        "Diesel": 0.0005479536389121757,
        "Nuclear": 0.0
      }
    },
    "PA": {
      "generationMix": {
        "Solar": 3.317252769999999,
        "Wind": 4.829846037447079,
        "Hydro_Embalse": 11.27052043344879,
        "Hydro_Pasada": 2.362618450196325,
        "Coal": 0,
        "Gas": 17.19307299824667,
        "Diesel": 0.1929397614225565,
        "Nuclear": 0.0
      }
    },
    "PE": {
      "generationMix": {
        "Solar": 16.45002802833332,
        "Wind": 18.55162519300553,
        "Hydro_Embalse": 25.43783770073449,
        "Hydro_Pasada": 9.64197876261147,
        "Coal": 0,
        "Gas": 146.013933275628,
        "Diesel": 3.231930500851603,
        "Nuclear": 0.0
      }
    },
    "PY": {
      "generationMix": {
        "Solar": 44.613510798975,
        "Wind": 0.0,
        "Hydro_Embalse": 34.2609077550982,
        "Hydro_Pasada": 0.2186747121442812,
        "Coal": 0,
        "Gas": 0.0,
        "Diesel": 0.006927296464427217,
        "Nuclear": 0.0
      }
    },
    "SU": {
      "generationMix": {
        "Solar": 0.0171944139422356,
        "Wind": 3.334859645655456,
        "Hydro_Embalse": 1.217440027623313,
        "Hydro_Pasada": 0.01475999999999893,
        "Coal": 0,
        "Gas": 2.02341862983988,
        "Diesel": 0.01429398207239279,
        "Nuclear": 0.0
      }
    },
    "UY": {
      "generationMix": {
        "Solar": 0.4163735043678648,
        "Wind": 40.6358387898464,
        "Hydro_Embalse": 6.841236824937006,
        "Hydro_Pasada": 0.1447472445370173,
        "Coal": 0,
        "Gas": 0.09846104467621203,
        "Diesel": 0.0006865063204877424,
        "Nuclear": 0.0
      }
    },
    "VE": {
      "generationMix": {
        "Solar": 0.0,
        "Wind": 0.02298290587740196,
        "Hydro_Embalse": 108.9908967979903,
        "Hydro_Pasada": 0.7145872088681872,
        "Coal": 0,
        "Gas": 0.7568581737847333,
        "Diesel": 0.0,
        "Nuclear": 0.0
      }
    }
  },
  "staticLines": [
    {
      "id": "PA-CR",
      "from": "Panama",
      "to": "Costa Rica",
      "existingCapacity": 300.0,
      "coordinates": {
        "c1": "(9.51102,-84.57103)",
        "c2": "(8.07574,-82.2729)"
      }
    },
    {
      "id": "BR-UY",
      "from": "Brazil",
      "to": "Uruguay",
      "existingCapacity": 570.0,