{
  "regional": {
    "totalCost": 102681.5011557925,
    "totalInvestment": 93266.46861162588,
    "operationCost": 9415.032544166617,
    "totalEmissions": 269.78677657270356,
    "geopoliticalCost": 5341.75723166742
  },
  "countries": {
    "Panama": {
      "lossToTrust": -0.006832097595723552,
      "lossToNotTrust": -13.38928070640804,
      "operationCost": 317.9536628837101,
      "energyBalance": {
        "imports": 0.0,
        "exports": -124.71836317217489
      },
      "totalEmissions": 0.0
    },
    "Brazil": {
      "lossToTrust": -18.86609766314535,
      "lossToNotTrust": 1081.784065881333,
      "operationCost": 2230.8119746704706,
      "energyBalance": {
        "imports": 0.0,
        "exports": -3754.8749768133334
      },
      "totalEmissions": 0.0
    },
    "Paraguay": {
      "lossToTrust": -222.6904837539851,
      "lossToNotTrust": 369.6449621087776,
      "operationCost": 0.2466580616544486,
      "energyBalance": {
        "imports": 0.0,
        "exports": -2111.837359908471
      },
      "totalEmissions": 0.0
    },
    "Uruguay": {
      "lossToTrust": 9915.886625119168,
      "lossToNotTrust": -55.80959965036497,
      "operationCost": 0.5857918588698258,
      "energyBalance": {
        "imports": 894.9932162512897,
        "exports": 2817.4815800012066
      },
      "totalEmissions": 0.0
    },
    "Argentina": {
      "lossToTrust": 944.6356388356382,
      "lossToNotTrust": 827.6869813229177,
      "operationCost": 1447.7578495456326,
      "energyBalance": {
        "imports": 2154.237540469309,
        "exports": 141.84101606596457
      },
      "totalEmissions": 0.0
    },
    "Peru": {
      "lossToTrust": -395.9675599378165,
      "lossToNotTrust": 801.0121751986082,
      "operationCost": 2115.34521250303,
      "energyBalance": {
        "imports": 0.0,
        "exports": -168.146741060911
      },
      "totalEmissions": 0.0
    },
    "Chile": {
      "lossToTrust": 187.9970566770085,
      "lossToNotTrust": 170.5436906240309,
      "operationCost": 127.46616171957902,
      "energyBalance": {
        "imports": 207.44781172037224,
        "exports": 0.0
      },
      "totalEmissions": 0.0
    },
    "Ecuador": {
      "lossToTrust": -195.1915475137274,
      "lossToNotTrust": 33.52863240184297,
      "operationCost": 440.792596396881,
      "energyBalance": {
        "imports": 168.146741060911,
        "exports": -407.856945592937
      },
      "totalEmissions": 0.0
    },
    "Colombia": {
      "lossToTrust": -1303.679642506258,
      "lossToNotTrust": 557.9364733068794,
      "operationCost": 252.26326690660028,
      "energyBalance": {
        "imports": 407.856945592937,
        "exports": -10.268230785194046
      },
      "totalEmissions": 0.0
    },
    "Bolivia": {
      "lossToTrust": 2828.442576265374,
      "lossToNotTrust": -20.93210838104622,
      "operationCost": 35.8998569597313,
      "energyBalance": {
        "imports": 65.60679565440768,
        "exports": 0.0
      },
      "totalEmissions": 0.0
    },
    "Venezuela": {
      "lossToTrust": 1150.970449255019,
      "lossToNotTrust": 0.01842750000000137,
      "operationCost": 13.778504262882143,
      "energyBalance": {
        "imports": 10.268230785194046,
        "exports": 0.0
      },
      "totalEmissions": 0.0
    },
    "Mexico": {
      "lossToTrust": -188.5972178885946,
      "lossToNotTrust": -0.1177982819390309,
      "operationCost": 1705.951847337088,
      "energyBalance": {
        "imports": 0.0,
        "exports": 118.82598480058938
      },
      "totalEmissions": 0.0
    },
    "Belize": {
      "lossToTrust": -19.4626525857154,
      "lossToNotTrust": -1.014297258082138,
      "operationCost": 86.96751880611768,
      "energyBalance": {
        "imports": 0.0,
        "exports": 0.0
      },
      "totalEmissions": 0.0
    },
    "Honduras": {
      "lossToTrust": -396.980723918156,
      "lossToNotTrust": -33.06907016036644,
      "operationCost": 206.85851560283234,
      "energyBalance": {
        "imports": 0.0,
        "exports": -166.8102140611939
      },
      "totalEmissions": 0.0
    },
    "Nicaragua": {
      "lossToTrust": -12.17685384355118,
      "lossToNotTrust": 1.474600103245962,
      "operationCost": 73.03673375219081,
      "energyBalance": {
        "imports": 38.2295959800151,
        "exports": -110.70653743066981
      },
      "totalEmissions": 0.0
    },
    "Guatemala": {
      "lossToTrust": -335.0744654234455,
      "lossToNotTrust": -5.509109218146364,
      "operationCost": 125.81431887447759,
      "energyBalance": {
        "imports": 118.82598480058938,
        "exports": 65.24368700667729
      },
      "totalEmissions": 0.0
    },
    "El Salvador": {
      "lossToTrust": -196.961590643903,
      "lossToNotTrust": 16.63918885851453,
      "operationCost": 37.16159690448837,
      "energyBalance": {
        "imports": 63.33693107450151,
        "exports": 0.0
      },
      "totalEmissions": 0.0
    },
    "Costa Rica": {
      "lossToTrust": -90.21937628749062,
      "lossToNotTrust": 30.55643590761213,
      "operationCost": 111.66044072591103,
      "energyBalance": {
        "imports": 235.4249006028447,
        "exports": 0.0
      },
      "totalEmissions": 0.0
    },
    "French Guiana": {
      "lossToTrust": 107.3539470109351,
      "lossToNotTrust": 80.9641400105134,
      "operationCost": 13.320636969424147,
      "energyBalance": {
        "imports": 0.0,
        "exports": 0.0
      },
      "totalEmissions": 0.0
    },
    "Suriname": {
      "lossToTrust": 115.6084759775511,
      "lossToNotTrust": 26.10686878336384,
      "operationCost": 37.397978345981535,
      "energyBalance": {
        "imports": 0.0,
        "exports": 0.0
      },
      "totalEmissions": 0.0
    },
    "Guyana": {
      "lossToTrust": -6.87438992895259,
      "lossToNotTrust": 6.873091826560126,
      "operationCost": 33.961421079066184,
      "energyBalance": {
        "imports": 0.0,
        "exports": 0.0
      },
      "totalEmissions": 0.0
    }
  }
}