{
  "scenarioParameters": {
    "year": 2045,
    "transmission": "Isolated",
    "sovereignty": "WithoutSovereignty",
    "demand": "ElecPlus",
    "hydroAndean": "High",
    "hydroConoSur": "High"
  },
  "regional": {
    "generationMix": {
      "Solar": 1050.7395697749666,
      "Wind": 1095.2448315723143,
      "Hydro_Embalse": 1153.4508028690768,
      "Hydro_Pasada": 120.25958274992509,
      "Coal": 0.0,
      "Gas": 481.668042437916,
      "Diesel": 6.346677850007912,
      "Nuclear": 39.12452411425434
    }
  },
  "countries": {
    "AR": {
      "generationMix": {
        "Solar": 193.3943929240818,
        "Wind": 19.25745587411186,
        "Hydro_Embalse": 23.02023070176966,
        "Hydro_Pasada": 3.175134748773877,
        "Coal": 0,
        "Gas": 94.54113219938323,
        "Diesel": 0.5270635811354114,
        "Nuclear": 13.18431392903446
      }
    },
    "BO": {
      "generationMix": {
        "Solar": 18.16998296559097,
        "Wind": 19.55751582285129,
        "Hydro_Embalse": 2.572166962454098,
        "Hydro_Pasada": 0.5007076617030005,
        "Coal": 0,
        "Gas": 2.409812457886355,
        "Diesel": 0.04847873276246041,
        "Nuclear": 0.0
      }
    },
    "BR": {
      "generationMix": {
        "Solar": 111.1968535618105,
        "Wind": 642.9964001095263,
        "Hydro_Embalse": 692.7085379938675,
        "Hydro_Pasada": 52.30470046583159,
        "Coal": 0,
        "Gas": 43.50164486529307,
        "Diesel": 1.699459014456054,
        "Nuclear": 14.84455863907364
      }
    },
    "BZ": {
      "generationMix": {
        "Solar": 0.02233463466037498,
        "Wind": 1.212958802060392,
        "Hydro_Embalse": 0.2285714285714286,
        "Hydro_Pasada": 0.0342857142857118,
        "Coal": 0,
        "Gas": 4.71644249154261,
        "Diesel": 0.03327812279146464,
        "Nuclear": 0.0
      }
    },
    "CL": {
      "generationMix": {
        "Solar": 110.750866248175,
        "Wind": 88.2617762584014,
        "Hydro_Embalse": 13.16949986668984,
        "Hydro_Pasada": 5.481078135892167,
        "Coal": 0,
        "Gas": 6.848556439842915,
        "Diesel": 0.08402296188000384,
        "Nuclear": 0.0
      }
    },
    "CO": {
      "generationMix": {
        "Solar": 80.07765362576566,
        "Wind": 40.05102044172087,
        "Hydro_Embalse": 72.12083718013135,
        "Hydro_Pasada": 24.13502872440957,
        "Coal": 0,
        "Gas": 13.44434830483093,
        "Diesel": 0.1879533225796913,
        "Nuclear": 0.0
      }
    },
    "CR": {
      "generationMix": {
        "Solar": 0.102127990679964,
        "Wind": 9.098766769786153,
        "Hydro_Embalse": 11.75199091196742,
        "Hydro_Pasada": 1.757719746075165,
        "Coal": 0,
        "Gas": 5.8982447432657,
        "Diesel": 0.0999929204764018,
        "Nuclear": 0.0
      }
    },
    "EC": {
      "generationMix": {
        "Solar": 69.47425722551695,
        "Wind": 1.744646901137769,
        "Hydro_Embalse": 30.05010723092926,
        "Hydro_Pasada": 9.43117484327725,
        "Coal": 0,
        "Gas": 23.54607599194009,
        "Diesel": 0.1684544614650303,
        "Nuclear": 0.0
      }
    },
    "ES": {
      "generationMix": {
        "Solar": 11.59184517533699,
        "Wind": 0.8018084454763733,
        "Hydro_Embalse": 2.984330539701292,
        "Hydro_Pasada": 0.6834191142711367,
        "Coal": 0,
        "Gas": 1.869826994214667,
        "Diesel": 0.0,
        "Nuclear": 0.0
      }
    },
    "FG": {
      "generationMix": {
        "Solar": 0.248787131777981,
        "Wind": 1.217199689335592,
        "Hydro_Embalse": 0.8188657561144415,
        "Hydro_Pasada": 0.02318758418572848,
        "Coal": 0,
        "Gas": 0.6995221474625477,
        "Diesel": 0.01473334714014444,
        "Nuclear": 0.0
      }
    },
    "GU": {
      "generationMix": {
        "Solar": 22.97263086884061,
        "Wind": 2.274881780233999,
        "Hydro_Embalse": 6.397805797547752,
        "Hydro_Pasada": 1.742334691076323,
        "Coal": 0,
        "Gas": 6.956674793088524,
        "Diesel": 0.000524013566281036,
        "Nuclear": 0.0
      }
    },
    "GY": {
      "generationMix": {
        "Solar": 0.02247685,
        "Wind": 0.08108243185639058,
        "Hydro_Embalse": 5e-06,
        "Hydro_Pasada": 9.99999999999928e-07,
        "Coal": 0,
        "Gas": 1.829523132056827,
        "Diesel": 0.01660250189079848,
        "Nuclear": 0.0
      }
    },
    "HO": {
      "generationMix": {
        "Solar": 29.76843237573041,
        "Wind": 2.875133653864828,
        "Hydro_Embalse": 4.20086939743669,
        "Hydro_Pasada": 1.353169420676544,
        "Coal": 0,
        "Gas": 11.58721954889239,
        "Diesel": 0.01877690436957772,
        "Nuclear": 0.0
      }
    },
    "MX": {
      "generationMix": {
        "Solar": 351.7260713806993,
        "Wind": 200.1827485159256,
        "Hydro_Embalse": 66.20961839910969,
        "Hydro_Pasada": 6.028106101439206,
        "Coal": 0,
        "Gas": 93.73481416273525,
        "Diesel": 0.0,
        "Nuclear": 11.09565154614624
      }
    },
    "NI": {
      "generationMix": {
        "Solar": 9.83235460690132,
        "Wind": 0.4666354669946868,
        "Hydro_Embalse": 0.704729321652578,
        "Hydro_Pasada": 0.2281738372516554,
        "Coal": 0,
        "Gas": 4.004241744137391,
        "Diesel": 0.0008215918254705787,
        "Nuclear": 0.0
      }
    },
    "PA": {
      "generationMix": {
        "Solar": 3.317252769999999,
        "Wind": 4.829846037447079,
        "Hydro_Embalse": 11.27052043344879,
        "Hydro_Pasada": 2.362618450196325,
        "Coal": 0,
        "Gas": 17.1844299126799,
        "Diesel": 0.1926661232359982,
        "Nuclear": 0.0
      }
    },
    "PE": {
      "generationMix": {
        "Solar": 16.45002802833332,
        "Wind": 18.55162519300553,
        "Hydro_Embalse": 25.43783770073451,
        "Hydro_Pasada": 9.64197876261147,
        "Coal": 0,
        "Gas": 146.013933275628,
        "Diesel": 3.231930500851604,
        "Nuclear": 0.0
      }
    },
    "PY": {
      "generationMix": {
        "Solar": 21.18260343487927,
        "Wind": 0.0,
        "Hydro_Embalse": 72.67343559157905,
        "Hydro_Pasada": 0.4943854957894399,
        "Coal": 0,
        "Gas": 0.0,
        "Diesel": 0.006575767509126717,
        "Nuclear": 0.0
      }
    },
    "SU": {
      "generationMix": {
        "Solar": 0.0171944139422356,
        "Wind": 3.334442512998508,
        "Hydro_Embalse": 1.217440027623313,
        "Hydro_Pasada": 0.01475999999999893,
        "Coal": 0,
        "Gas": 2.02341862983988,
        "Diesel": 0.01429398207239279,
        "Nuclear": 0.0
      }
    },
    "UY": {
      "generationMix": {
        "Solar": 0.4214235622442307,
        "Wind": 38.42603148840755,
        "Hydro_Embalse": 6.841236824937003,
        "Hydro_Pasada": 0.1499831402776798,
        "Coal": 0,
        "Gas": 0.1017274294110558,
        "Diesel": 0.00105,
        "Nuclear": 0.0
      }
    },
    "VE": {
      "generationMix": {
        "Solar": 0.0,
        "Wind": 0.02285537717209572,
        "Hydro_Embalse": 109.0721658028115,
        "Hydro_Pasada": 0.7176351119012421,
        "Coal": 0,
        "Gas": 0.7564531737847333,
        "Diesel": 0.0,
        "Nuclear": 0.0
      }
    }
  },
  "staticLines": [
    {
      "id": "PA-CR",
      "from": "Panama",
      "to": "Costa Rica",
      "existingCapacity": 300.0,
      "coordinates": {
        "c1": "(9.51102,-84.57103)",
        "c2": "(8.07574,-82.2729)"
      }
    },
    {
      "id": "BR-UY",
      "from": "Brazil",
      "to": "Uruguay",
      "existingCapacity": 570.0,