{
  "scenarioParameters": {
    "year": 2045,
    "transmission": "Integrated",
    "sovereignty": "WithoutSovereignty",
    "demand": "ElecPlus",
    "hydroAndean": "Low",
    "hydroConoSur": "High"
  },
  "regional": {
    "generationMix": {
      "Solar": 858.9967447466111,
      "Wind": 1632.0213768773638,
      "Hydro_Embalse": 1008.5124405444824,
      "Hydro_Pasada": 105.03218784807083,
      "Coal": 0.0,
      "Gas": 261.9775550150858,
      "Diesel": 1.2277763894551306,
      "Nuclear": 46.8338
    }
  },
  "countries": {
    "AR": {
      "generationMix": {
        "Solar": 129.6288413487744,
        "Wind": 19.13040439675612,
        "Hydro_Embalse": 23.02023070176964,
        "Hydro_Pasada": 3.708581688344234,
        "Coal": 0,
        "Gas": 63.34224706095559,
        "Diesel": 0.1870284442947377,
        "Nuclear": 15.33
      }
    },
    "BO": {
      "generationMix": {
        "Solar": 156.6096866134226,
        "Wind": 113.5174170412524,
        "Hydro_Embalse": 2.572166962454097,
        "Hydro_Pasada": 0.6236212482769303,
        "Coal": 0,
        "Gas": 6.344528055457667,
        "Diesel": 0.0091,
        "Nuclear": 0.0
      }
    },
    "BR": {
      "generationMix": {
        "Solar": 59.08536874166663,
        "Wind": 717.9307836215022,
        "Hydro_Embalse": 570.8974072446744,
        "Hydro_Pasada": 47.64580574022538,
        "Coal": 0,
        "Gas": 61.77430928087133,
        "Diesel": 0.2098097322359006,
        "Nuclear": 17.4324
      }
    },
    "BZ": {
      "generationMix": {
        "Solar": 0.02233463466037498,
        "Wind": 1.212958802060392,
        "Hydro_Embalse": 0.2285714285714286,
        "Hydro_Pasada": 0.0342857142857118,
        "Coal": 0,
        "Gas": 4.71644249154261,
        "Diesel": 0.03327812279146464,
        "Nuclear": 0.0
      }
    },
    "CL": {
      "generationMix": {
        "Solar": 85.38861587540062,
        "Wind": 97.07270126457162,
        "Hydro_Embalse": 13.16949986668984,
        "Hydro_Pasada": 7.09323101776423,
        "Coal": 0,
        "Gas": 1.497306597441689,
        "Diesel": 0.1368011248132733,
        "Nuclear": 0.0
      }
    },
    "CO": {
      "generationMix": {
        "Solar": 26.65158707050526,
        "Wind": 40.27424416707107,
        "Hydro_Embalse": 31.06134967140219,
        "Hydro_Pasada": 11.48460077382656,
        "Coal": 0,
        "Gas": 1.253953683005965,
        "Diesel": 0.04993454936950895,
        "Nuclear": 0.0
      }
    },
    "CR": {
      "generationMix": {
        "Solar": 0.1396772756934499,
        "Wind": 9.095932531715325,
        "Hydro_Embalse": 12.24648,
        "Hydro_Pasada": 2.127272727272573,
        "Coal": 0,
        "Gas": 0.0,
        "Diesel": 0.01755833442757401,
        "Nuclear": 0.0
      }
    },
    "EC": {
      "generationMix": {
        "Solar": 16.36094396136943,
        "Wind": 1.744646901137769,
        "Hydro_Embalse": 12.04086391575326,
        "Hydro_Pasada": 4.655700477438264,
        "Coal": 0,
        "Gas": 0.7312849480565952,
        "Diesel": 0.3078055467786117,
        "Nuclear": 0.0
      }
    },
    "ES": {
      "generationMix": {
        "Solar": 8.413501631218043,
        "Wind": 0.7822929224024463,
        "Hydro_Embalse": 3.7449,
        "Hydro_Pasada": 0.8692307692307064,
        "Coal": 0,
        "Gas": 0.2977373402883176,
        "Diesel": 0.0055,
        "Nuclear": 0.0
      }
    },
    "FG": {
      "generationMix": {
        "Solar": 0.1296348,
        "Wind": 8.021378037320147,
        "Hydro_Embalse": 0.94608,
        "Hydro_Pasada": 0.0304847999999978,
        "Coal": 0,
        "Gas": 0.0,
        "Diesel": 0.001209798642750757,
        "Nuclear": 0.0
      }
    },
    "GU": {
      "generationMix": {
        "Solar": 0.2195223399209999,
        "Wind": 2.274881780233999,
        "Hydro_Embalse": 7.564260000000001,
        "Hydro_Pasada": 2.116666666666514,
        "Coal": 0,
        "Gas": 0.0,
        "Diesel": 0.0063,
        "Nuclear": 0.0
      }
    },
    "GY": {
      "generationMix": {
        "Solar": 0.02247685,
        "Wind": 0.08108243185639058,
        "Hydro_Embalse": 5e-06,
        "Hydro_Pasada": 9.99999999999928e-07,
        "Coal": 0,
        "Gas": 0.0,
        "Diesel": 0.002769778320920304,
        "Nuclear": 0.0
      }
    },
    "HO": {
      "generationMix": {
        "Solar": 19.47392507639694,
        "Wind": 2.803900304045138,
        "Hydro_Embalse": 5.18154,
        "Hydro_Pasada": 1.684210526315668,
        "Coal": 0,
        "Gas": 0.03625,
        "Diesel": 0.0081,
        "Nuclear": 0.0
      }
    },
    "MX": {
      "generationMix": {
        "Solar": 325.0173930816095,
        "Wind": 215.2744803288582,
        "Hydro_Embalse": 81.45413122749615,
        "Hydro_Pasada": 7.705583312270894,
        "Coal": 0,
        "Gas": 85.544235700707,
        "Diesel": 0.0,
        "Nuclear": 14.0714
      }
    },
    "NI": {
      "generationMix": {
        "Solar": 7.191190855304949,
        "Wind": 0.6055437782493162,
        "Hydro_Embalse": 0.84096,
        "Hydro_Pasada": 0.2745762711864209,
        "Coal": 0,
        "Gas": 0.0,
        "Diesel": 0.01114624658566472,
        "Nuclear": 0.0
      }
    },
    "PA": {
      "generationMix": {
        "Solar": 0.9524073499999998,
        "Wind": 4.829846037447079,
        "Hydro_Embalse": 11.28288,
        "Hydro_Pasada": 2.384516129032085,
        "Coal": 0,
        "Gas": 0.2054282722819924,
        "Diesel": 0.03003068990656702,
        "Nuclear": 0.0
      }
    },
    "PE": {
      "generationMix": {
        "Solar": 11.04976061211185,
        "Wind": 18.55162519300553,
        "Hydro_Embalse": 25.43783770073449,
        "Hydro_Pasada": 9.64197876261147,
        "Coal": 0,
        "Gas": 33.77010651018606,
        "Diesel": 0.1791498326691118,
        "Nuclear": 0.0
      }
    },
    "PY": {
      "generationMix": {
        "Solar": 0.0,
        "Wind": 0.0,
        "Hydro_Embalse": 73.31682,
        "Hydro_Pasada": 0.5209177381525723,
        "Coal": 0,
        "Gas": 0.0,
        "Diesel": 0.002332396390638664,
        "Nuclear": 0.0
      }
    },
    "SU": {
      "generationMix": {
        "Solar": 0.02221914999999999,
        "Wind": 10.37090960639158,
        "Hydro_Embalse": 1.49796,
        "Hydro_Pasada": 0.01970999999999857,
        "Coal": 0,
        "Gas": 0.0,
        "Diesel": 0.001514612272991272,
        "Nuclear": 0.0
      }
    },
    "UY": {
      "generationMix": {
        "Solar": 0.4868529644411418,
        "Wind": 334.8061319714548,
        "Hydro_Embalse": 6.841236824937004,
        "Hydro_Pasada": 0.2023784851707772,
        "Coal": 0,
        "Gas": 0.1600477890818036,
        "Diesel": 0.00105,
        "Nuclear": 0.0
      }
    },
    "VE": {
      "generationMix": {
        "Solar": 12.13080451411486,
        "Wind": 33.64021576003261,
        "Hydro_Embalse": 125.16726,
        "Hydro_Pasada": 2.20883399999984,
        "Coal": 0,
        "Gas": 2.303677285209122,
        "Diesel": 0.02735717995541494,
        "Nuclear": 0.0
      }
    }
  },
  "staticLines": [
    {
      "id": "PA-CR",
      "from": "Panama",
      "to": "Costa Rica",
      "existingCapacity": 300.0,
      "coordinates": {
        "c1": "(9.51102,-84.57103)",
        "c2": "(8.07574,-82.2729)"
      }
    },
    {
      "id": "BR-UY",
      "from": "Brazil",
      "to": "Uruguay",
      "existingCapacity": 570.0,
      "coordinates": {
        "c1": "(-24.26318,-49.54945)",
        "c2": "(-33.02693,-55.40152)"
      }
    },
    {
      "id": "BR-AR",
      "from": "Brazil",
      "to": "Argentina",
      "existingCapacity": 2250.0,