{
  "scenarioParameters": {
    "year": 2045,
    "transmission": "Integrated",
    "sovereignty": "WithSovereignty",
    "demand": "ElecPlus",
    "hydroAndean": "Low",
    "hydroConoSur": "High"
  },
  "regional": {
    "generationMix": {
      "Solar": 1095.3226356017074,
      "Wind": 1584.254694156745,
      "Hydro_Embalse": 1006.0215427458105,
      "Hydro_Pasada": 103.29015903637499,
      "Coal": 0.0,
      "Gas": 101.5354351282262,
      "Diesel": 0.052405064086450154,
      "Nuclear": 45.620366118800774
    }
  },
  "countries": {
    "AR": {
      "generationMix": {
        "Solar": 225.7580152134126,
        "Wind": 18.31185413697388,
        "Hydro_Embalse": 23.02023070176963,
        "Hydro_Pasada": 3.553352801072241,
        "Coal": 0,
        "Gas": 7.871051712665054,
        "Diesel": 0.0,
        "Nuclear": 14.81187723916491
      }
    },
    "BO": {
      "generationMix": {
        "Solar": 0.475472599664515,
        "Wind": 117.0414478388809,
        "Hydro_Embalse": 2.572166962454097,
        "Hydro_Pasada": 0.6220194338259863,
        "Coal": 0,
        "Gas": 1.366344848714377,
        "Diesel": 0.0,
        "Nuclear": 0.0
      }
    },
    "BR": {
      "generationMix": {
        "Solar": 191.0550403041665,
        "Wind": 717.9307836215022,
        "Hydro_Embalse": 570.8974072446736,
        "Hydro_Pasada": 47.64580574022538,
        "Coal": 0,
        "Gas": 8.361434700395055,
        "Diesel": 0.0,
        "Nuclear": 17.4324
      }
    },
    "BZ": {
      "generationMix": {
        "Solar": 0.02233463466037498,
        "Wind": 1.212958802060392,
        "Hydro_Embalse": 0.2285714285714286,
        "Hydro_Pasada": 0.0342857142857118,
        "Coal": 0,
        "Gas": 4.725916364945425,
        "Diesel": 0.02389602410277367,
        "Nuclear": 0.0
      }
    },
    "CL": {
      "generationMix": {
        "Solar": 107.8938637411667,
        "Wind": 93.29663801061955,
        "Hydro_Embalse": 13.16949986668986,
        "Hydro_Pasada": 6.279747150657289,
        "Coal": 0,
        "Gas": 0.07988019908108474,
        "Diesel": 0.01101454011281863,
        "Nuclear": 0.0
      }
    },
    "CO": {
      "generationMix": {
        "Solar": 85.24201174184483,
        "Wind": 39.57599989012372,
        "Hydro_Embalse": 31.06134967140218,
        "Hydro_Pasada": 11.44533039948104,
        "Coal": 0,
        "Gas": 0.005570409934829114,
        "Diesel": 0.0,
        "Nuclear": 0.0
      }
    },
    "CR": {
      "generationMix": {
        "Solar": 0.1360820948779237,
        "Wind": 9.098766769786153,
        "Hydro_Embalse": 12.23555916912392,
        "Hydro_Pasada": 2.115079600564669,
        "Coal": 0,
        "Gas": 0.0,
        "Diesel": 0.0,
        "Nuclear": 0.0
      }
    },
    "EC": {
      "generationMix": {
        "Solar": 86.19846202029883,
        "Wind": 1.668330033734791,
        "Hydro_Embalse": 12.04086391575326,
        "Hydro_Pasada": 4.467941340524918,
        "Coal": 0,
        "Gas": 0.04116689914511317,
        "Diesel": 0.004824997912469976,
        "Nuclear": 0.0
      }
    },
    "ES": {
      "generationMix": {
        "Solar": 7.928080171897721,
        "Wind": 0.7416906676065725,
        "Hydro_Embalse": 3.704493541579561,
        "Hydro_Pasada": 0.8515227966243996,
        "Coal": 0,
        "Gas": 0.0019,
        "Diesel": 0.0,
        "Nuclear": 0.0
      }
    },
    "FG": {
      "generationMix": {
        "Solar": 0.1304163,
        "Wind": 2.390119279876085,
        "Hydro_Embalse": 0.946071796622479,
        "Hydro_Pasada": 0.0304673999999978,
        "Coal": 0,
        "Gas": 0.0,
        "Diesel": 0.0,
        "Nuclear": 0.0
      }
    },
    "GU": {
      "generationMix": {
        "Solar": 19.10853401997407,
        "Wind": 2.076790318649318,
        "Hydro_Embalse": 7.482710721747029,
        "Hydro_Pasada": 2.086905204600354,
        "Coal": 0,
        "Gas": 0.0,
        "Diesel": 0.0,
        "Nuclear": 0.0
      }
    },
    "GY": {
      "generationMix": {
        "Solar": 0.02247685,
        "Wind": 0.08108243185639058,
        "Hydro_Embalse": 5e-06,
        "Hydro_Pasada": 9.99999999999928e-07,
        "Coal": 0,
        "Gas": 0.0,
        "Diesel": 0.0,
        "Nuclear": 0.0
      }
    },
    "HO": {
      "generationMix": {
        "Solar": 27.10359866371686,
        "Wind": 2.635477045046002,
        "Hydro_Embalse": 5.118470568567795,
        "Hydro_Pasada": 1.662361695785413,
        "Coal": 0,
        "Gas": 0.00025,
        "Diesel": 0.0,
        "Nuclear": 0.0
      }
    },
    "MX": {
      "generationMix": {
        "Solar": 305.7776828775089,
        "Wind": 189.1693615905762,
        "Hydro_Embalse": 79.2349953787369,
        "Hydro_Pasada": 7.28587703730679,
        "Coal": 0,
        "Gas": 70.55068460487722,
        "Diesel": 0.0,
        "Nuclear": 13.37608887963587
      }
    },
    "NI": {
      "generationMix": {
        "Solar": 9.65166947840504,
        "Wind": 0.6000958979265701,
        "Hydro_Embalse": 0.83472,
        "Hydro_Pasada": 0.2723333704291279,
        "Coal": 0,
        "Gas": 0.0,
        "Diesel": 0.0,
        "Nuclear": 0.0
      }
    },
    "PA": {
      "generationMix": {
        "Solar": 0.9524073499999998,
        "Wind": 4.829846037447079,
        "Hydro_Embalse": 11.28288,
        "Hydro_Pasada": 2.384516129032085,
        "Coal": 0,
        "Gas": 0.0019,
        "Diesel": 0.0,
        "Nuclear": 0.0
      }
    },
    "PE": {
      "generationMix": {
        "Solar": 16.45002802833332,
        "Wind": 18.55162519300553,
        "Hydro_Embalse": 25.43783770073448,
        "Hydro_Pasada": 9.64197876261147,
        "Coal": 0,
        "Gas": 8.529335388468047,
        "Diesel": 0.0,
        "Nuclear": 0.0
      }
    },
    "PY": {
      "generationMix": {
        "Solar": 10.84307923617731,
        "Wind": 0.0,
        "Hydro_Embalse": 73.31682,
        "Hydro_Pasada": 0.5209177381525723,
        "Coal": 0,
        "Gas": 0.0,
        "Diesel": 0.01028926624264883,
        "Nuclear": 0.0
      }
    },
    "SU": {
      "generationMix": {
        "Solar": 0.0207239756019521,
        "Wind": 3.650945454988232,
        "Hydro_Embalse": 1.457586824976029,
        "Hydro_Pasada": 0.0184723783716042,
        "Coal": 0,
        "Gas": 0.0,
        "Diesel": 0.002380235715739056,
        "Nuclear": 0.0
      }
    },
    "UY": {
      "generationMix": {
        "Solar": 0.5526562999999999,
        "Wind": 327.9329672841864,
        "Hydro_Embalse": 6.841236824937004,
        "Hydro_Pasada": 0.1661915928240888,
        "Coal": 0,
        "Gas": 0.0,
        "Diesel": 0.0,
        "Nuclear": 0.0
      }
    },
    "VE": {
      "generationMix": {
        "Solar": 0.0,
        "Wind": 33.457913851899,
        "Hydro_Embalse": 125.1380654274714,
        "Hydro_Pasada": 2.205051749999841,
        "Coal": 0,
        "Gas": 0.0,
        "Diesel": 0.0,
        "Nuclear": 0.0
      }
    }
  },
  "staticLines": [
    {
      "id": "PA-CR",
      "from": "Panama",
      "to": "Costa Rica",
      "existingCapacity": 300.0,
      "coordinates": {
        "c1": "(9.51102,-84.57103)",
        "c2": "(8.07574,-82.2729)"
      }
    },
    {
      "id": "BR-UY",
      "from": "Brazil",
      "to": "Uruguay",
      "existingCapacity": 570.0,
      "coordinates": {
        "c1": "(-24.26318,-49.54945)",
        "c2": "(-33.02693,-55.40152)"
      }
    },
    {
      "id": "BR-AR",
      "from": "Brazil",
      "to": "Argentina",
      "existingCapacity": 2250.0,
      "coordinates": {
        "c1": "(-24.26318,-49.54945)",
        "c2": "(-31.3157,-66.22498)"
      }
    },
    {
      "id": "PY-AR",
      "from": "Paraguay",