{
  "scenarioParameters": {
    "year": 2035,
    "transmission": "Isolated",
    "sovereignty": "WithSovereignty",
    "demand": "ElecPlus",
    "hydroAndean": "High",
    "hydroConoSur": "High"
  },
  "regional": {
    "generationMix": {
      "Solar": 630.1911789853023,
      "Wind": 770.7935268636875,
      "Hydro_Embalse": 1170.5613254950251,
      "Hydro_Pasada": 135.436363963402,
      "Coal": 0.0,
      "Gas": 212.14983210657834,
      "Diesel": 1.1044559805633154,
      "Nuclear": 46.866
    }
  },
  "countries": {
    "AR": {
      "generationMix": {
        "Solar": 149.7425404640533,
        "Wind": 19.11075555791549,
        "Hydro_Embalse": 23.02023070176963,
        "Hydro_Pasada": 3.708581688344234,
        "Coal": 0,
        "Gas": 35.28537200632599,
        "Diesel": 0.0,
        "Nuclear": 15.33
      }
    },
    "BO": {
      "generationMix": {
        "Solar": 9.147565924462167,
        "Wind": 12.88485787545314,
        "Hydro_Embalse": 2.572166962454097,
        "Hydro_Pasada": 0.6236212482769303,
        "Coal": 0,
        "Gas": 1.806868839508924,
        "Diesel": 0.008056379935351125,
        "Nuclear": 0.0
      }
    },
    "BR": {
      "generationMix": {
        "Solar": 119.4416879414788,
        "Wind": 321.5604865683012,
        "Hydro_Embalse": 692.7085379938675,
        "Hydro_Pasada": 57.71629021923986,
        "Coal": 0,
        "Gas": 3.361712856314475,
        "Diesel": 0.0,
        "Nuclear": 17.4324
      }
    },
    "BZ": {
      "generationMix": {
        "Solar": 0.02233463466037498,
        "Wind": 1.18143470537226,
        "Hydro_Embalse": 0.2285714285714286,
        "Hydro_Pasada": 0.0342857142857118,
        "Coal": 0,
        "Gas": 0.9954718796133949,
        "Diesel": 0.01645939587047464,
        "Nuclear": 0.0
      }
    },
    "CL": {
      "generationMix": {
        "Solar": 41.84585581047935,
        "Wind": 95.24772070663994,
        "Hydro_Embalse": 13.16949986668984,
        "Hydro_Pasada": 7.09323101776423,
        "Coal": 0,
        "Gas": 3.309902155812216,
        "Diesel": 0.1283981681714946,
        "Nuclear": 0.0
      }
    },
    "CO": {
      "generationMix": {
        "Solar": 24.11674619821708,
        "Wind": 36.83942554336859,
        "Hydro_Embalse": 72.12083718013126,
        "Hydro_Pasada": 26.42687086072316,
        "Coal": 0,
        "Gas": 4.5504622225291,
        "Diesel": 0.4057591590069847,
        "Nuclear": 0.0
      }
    },
    "CR": {
      "generationMix": {
        "Solar": 0.1396772756934499,
        "Wind": 4.601536932250765,
        "Hydro_Embalse": 12.24648,
        "Hydro_Pasada": 2.127272727272573,
        "Coal": 0,
        "Gas": 2.757521826783216,
        "Diesel": 0.0217844850346205,
        "Nuclear": 0.0
      }
    },
    "EC": {
      "generationMix": {
        "Solar": 32.97882992302716,
        "Wind": 1.73233575401924,
        "Hydro_Embalse": 30.05010723092926,
        "Hydro_Pasada": 11.65295212816002,
        "Coal": 0,
        "Gas": 2.716191854635037,
        "Diesel": 0.02751736848062428,
        "Nuclear": 0.0
      }
    },
    "ES": {
      "generationMix": {
        "Solar": 8.051130883421663,
        "Wind": 0.6915406023895978,
        "Hydro_Embalse": 3.7449,
        "Hydro_Pasada": 0.8692307692307064,
        "Coal": 0,
        "Gas": 1.186566361337958,
        "Diesel": 0.0,
        "Nuclear": 0.0
      }
    },
    "FG": {
      "generationMix": {
        "Solar": 0.2125381468893518,
        "Wind": 0.5356955711217154,
        "Hydro_Embalse": 0.94608,
        "Hydro_Pasada": 0.0304847999999978,
        "Coal": 0,
        "Gas": 0.322953071907976,
        "Diesel": 0.01065427899995105,
        "Nuclear": 0.0
      }
    },
    "GU": {
      "generationMix": {
        "Solar": 13.48965009536029,
        "Wind": 2.033422059307945,
        "Hydro_Embalse": 7.564260000000001,
        "Hydro_Pasada": 2.116666666666514,
        "Coal": 0,
        "Gas": 1.982030132516215,
        "Diesel": 0.0,
        "Nuclear": 0.0
      }
    },
    "GY": {
      "generationMix": {
        "Solar": 0.02247685,
        "Wind": 0.08108243185639058,
        "Hydro_Embalse": 5e-06,
        "Hydro_Pasada": 9.99999999999928e-07,
        "Coal": 0,
        "Gas": 1.58311693953249,
        "Diesel": 0.01467834864821611,
        "Nuclear": 0.0
      }
    },
    "HO": {
      "generationMix": {
        "Solar": 16.1441791799565,
        "Wind": 2.54415013624401,
        "Hydro_Embalse": 5.18154,
        "Hydro_Pasada": 1.684210526315668,
        "Coal": 0,
        "Gas": 4.130847420642525,
        "Diesel": 0.01036710842158631,
        "Nuclear": 0.0
      }
    },
    "MX": {
      "generationMix": {
        "Solar": 188.4134038560368,
        "Wind": 215.0337798280358,
        "Hydro_Embalse": 81.5556,
        "Hydro_Pasada": 7.723243243242685,
        "Coal": 0,
        "Gas": 73.41801391452195,
        "Diesel": 0.0,
        "Nuclear": 14.1036
      }
    },
    "NI": {
      "generationMix": {
        "Solar": 6.393018914417522,
        "Wind": 0.6055437782493162,
        "Hydro_Embalse": 0.84096,
        "Hydro_Pasada": 0.2745762711864209,
        "Coal": 0,
        "Gas": 2.190494295475588,
        "Diesel": 0.0,
        "Nuclear": 0.0
      }
    },
    "PA": {
      "generationMix": {
        "Solar": 3.052506515540185,
        "Wind": 4.352911502668555,
        "Hydro_Embalse": 11.28288,
        "Hydro_Pasada": 2.384516129032085,
        "Coal": 0,
        "Gas": 5.566374652411124,
        "Diesel": 0.06412240741538222,
        "Nuclear": 0.0
      }
    },
    "PE": {
      "generationMix": {
        "Solar": 16.45002802833332,
        "Wind": 18.55162519300553,
        "Hydro_Embalse": 25.43783770073448,
        "Hydro_Pasada": 9.64197876261147,
        "Coal": 0,
        "Gas": 65.082952507739,
        "Diesel": 0.3881472234184597,
        "Nuclear": 0.0
      }
    },
    "PY": {
      "generationMix": {
        "Solar": 0.0,
        "Wind": 0.0,
        "Hydro_Embalse": 73.15653326892199,
        "Hydro_Pasada": 0.4881380330933404,
        "Coal": 0,
        "Gas": 0.0,
        "Diesel": 0.0,
        "Nuclear": 0.0
      }
    },
    "SU": {
      "generationMix": {
        "Solar": 0.02221914999999999,
        "Wind": 1.691926006787621,
        "Hydro_Embalse": 1.49796,
        "Hydro_Pasada": 0.01970999999999857,
        "Coal": 0,
        "Gas": 1.159900972823404,
        "Diesel": 0.008511657160170254,
        "Nuclear": 0.0
      }
    },
    "UY": {
      "generationMix": {
        "Solar": 0.5047891932749582,
        "Wind": 31.48452318453066,
        "Hydro_Embalse": 6.841236824937004,
        "Hydro_Pasada": 0.2023784851707772,
        "Coal": 0,
        "Gas": 0.0,
        "Diesel": 0.0,
        "Nuclear": 0.0
      }
    },
    "VE": {
      "generationMix": {
        "Solar": 0.0,
        "Wind": 0.02877292616970137,
        "Hydro_Embalse": 106.3951013360187,
        "Hydro_Pasada": 0.6181236727855981,
        "Coal": 0,
        "Gas": 0.7430781961477615,
        "Diesel": 0.0,
        "Nuclear": 0.0
      }
    }
  },
  "staticLines": [
    {
      "id": "PA-CR",
      "from": "Panama",
      "to": "Costa Rica",
      "existingCapacity": 300.0,
      "coordinates": {
        "c1": "(9.51102,-84.57103)",
        "c2": "(8.07574,-82.2729)"
      }
    },
    {
      "id": "BR-UY",
      "from": "Brazil",
      "to": "Uruguay",
      "existingCapacity": 570.0,
      "coordinates": {
        "c1": "(-24.26318,-49.54945)",
        "c2": "(-33.02693,-55.40152)"
      }
    },
    {
      "id": "BR-AR",
      "from": "Brazil",
      "to": "Argentina",
      "existingCapacity": 2250.0,