{
  "scenarioParameters": {
    "year": 2035,
    "transmission": "Isolated",
    "sovereignty": "WithoutSovereignty",
    "demand": "ElecPlus",
    "hydroAndean": "Low",
    "hydroConoSur": "High"
  },
  "regional": {
    "generationMix": {
      "Solar": 585.958584205446,
      "Wind": 961.835285387066,
      "Hydro_Embalse": 989.4535152612532,
      "Hydro_Pasada": 103.38913697887064,
      "Coal": 0.0,
      "Gas": 270.90601320927055,
      "Diesel": 1.5496594825166226,
      "Nuclear": 46.866
    }
  },
  "countries": {
    "AR": {
      "generationMix": {
        "Solar": 103.88825967835,
        "Wind": 18.62957378412154,
        "Hydro_Embalse": 23.02023070176964,
        "Hydro_Pasada": 3.708581688344234,
        "Coal": 0,
        "Gas": 71.64467260343028,
        "Diesel": 0.4554349941120703,
        "Nuclear": 15.33
      }
    },
    "BO": {
      "generationMix": {
        "Solar": 8.580133178543724,
        "Wind": 13.21647969220932,
        "Hydro_Embalse": 2.572166962454097,
        "Hydro_Pasada": 0.6236212482769303,
        "Coal": 0,
        "Gas": 2.03981756541879,
        "Diesel": 0.01294610797422593,
        "Nuclear": 0.0
      }
    },
    "BR": {
      "generationMix": {
        "Solar": 59.08536874166663,
        "Wind": 512.5279194320063,
        "Hydro_Embalse": 570.8974072446739,
        "Hydro_Pasada": 47.64580574022538,
        "Coal": 0,
        "Gas": 3.981561936576465,
        "Diesel": 0.005159218168862625,
        "Nuclear": 17.4324
      }
    },
    "BZ": {
      "generationMix": {
        "Solar": 0.02233463466037498,
        "Wind": 1.174537296811151,
        "Hydro_Embalse": 0.2285714285714286,
        "Hydro_Pasada": 0.0342857142857118,
        "Coal": 0,
        "Gas": 0.993566243147391,
        "Diesel": 0.02351650887336783,
        "Nuclear": 0.0
      }
    },
    "CL": {
      "generationMix": {
        "Solar": 42.00274161040934,
        "Wind": 95.28113144265154,
        "Hydro_Embalse": 13.16949986668984,
        "Hydro_Pasada": 7.09323101776423,
        "Coal": 0,
        "Gas": 3.316442843094777,
        "Diesel": 0.1315226909531596,
        "Nuclear": 0.0
      }
    },
    "CO": {
      "generationMix": {
        "Solar": 70.91429364520735,
        "Wind": 37.31026305328077,
        "Hydro_Embalse": 31.06134967140218,
        "Hydro_Pasada": 11.48460077382656,
        "Coal": 0,
        "Gas": 16.67762977049935,
        "Diesel": 0.0795372933159981,
        "Nuclear": 0.0
      }
    },
    "CR": {
      "generationMix": {
        "Solar": 0.1396772756934499,
        "Wind": 4.403774563861682,
        "Hydro_Embalse": 12.24648,
        "Hydro_Pasada": 2.127272727272573,
        "Coal": 0,
        "Gas": 2.655581700105532,
        "Diesel": 0.05704574012447697,
        "Nuclear": 0.0
      }
    },
    "EC": {
      "generationMix": {
        "Solar": 47.51871328238759,
        "Wind": 1.561097060721684,
        "Hydro_Embalse": 12.04086391575326,
        "Hydro_Pasada": 4.655700477438264,
        "Coal": 0,
        "Gas": 12.15650725787477,
        "Diesel": 0.01426052753053953,
        "Nuclear": 0.0
      }
    },
    "ES": {
      "generationMix": {
        "Solar": 8.054577648013316,
        "Wind": 0.6952079801731063,
        "Hydro_Embalse": 3.7449,
        "Hydro_Pasada": 0.8692307692307064,
        "Coal": 0,
        "Gas": 1.183064700171848,
        "Diesel": 0.0,
        "Nuclear": 0.0
      }
    },
    "FG": {
      "generationMix": {
        "Solar": 0.2131359973743947,
        "Wind": 0.5351481890884011,
        "Hydro_Embalse": 0.94608,
        "Hydro_Pasada": 0.0304847999999978,
        "Coal": 0,
        "Gas": 0.322953071907976,
        "Diesel": 0.01065427899995106,
        "Nuclear": 0.0
      }
    },
    "GU": {
      "generationMix": {
        "Solar": 13.50797161719912,
        "Wind": 2.008863004952226,
        "Hydro_Embalse": 7.564260000000001,
        "Hydro_Pasada": 2.116666666666514,
        "Coal": 0,
        "Gas": 2.016412332477053,
        "Diesel": 0.0,
        "Nuclear": 0.0
      }
    },
    "GY": {
      "generationMix": {
        "Solar": 0.02247685,
        "Wind": 0.08108243185639058,
        "Hydro_Embalse": 5e-06,
        "Hydro_Pasada": 9.99999999999928e-07,
        "Coal": 0,
        "Gas": 1.58311693953249,
        "Diesel": 0.01467834864821611,
        "Nuclear": 0.0
      }
    },
    "HO": {
      "generationMix": {
        "Solar": 16.16134819014173,
        "Wind": 2.52049595006847,
        "Hydro_Embalse": 5.18154,
        "Hydro_Pasada": 1.684210526315668,
        "Coal": 0,
        "Gas": 4.180153209421458,
        "Diesel": 0.01975991340311354,
        "Nuclear": 0.0
      }
    },
    "MX": {
      "generationMix": {
        "Solar": 189.4397141127394,
        "Wind": 214.0082439361331,
        "Hydro_Embalse": 81.5556,
        "Hydro_Pasada": 7.723243243242685,
        "Coal": 0,
        "Gas": 73.41578235564431,
        "Diesel": 0.0,
        "Nuclear": 14.1036
      }
    },
    "NI": {
      "generationMix": {
        "Solar": 6.408465521189674,
        "Wind": 0.6055437782493162,
        "Hydro_Embalse": 0.84096,
        "Hydro_Pasada": 0.2745762711864209,
        "Coal": 0,
        "Gas": 2.23603320767286,
        "Diesel": 0.001043686263828941,
        "Nuclear": 0.0
      }
    },
    "PA": {
      "generationMix": {
        "Solar": 3.01272061386263,
        "Wind": 4.282645729922059,
        "Hydro_Embalse": 11.28288,
        "Hydro_Pasada": 2.384516129032085,
        "Coal": 0,
        "Gas": 5.639417648599608,
        "Diesel": 0.1693582284737862,
        "Nuclear": 0.0
      }
    },
    "PE": {
      "generationMix": {
        "Solar": 16.45002802833332,
        "Wind": 18.55162519300553,
        "Hydro_Embalse": 25.43783770073448,
        "Hydro_Pasada": 9.64197876261147,
        "Coal": 0,
        "Gas": 64.82787529649161,
        "Diesel": 0.5446934912078557,
        "Nuclear": 0.0
      }
    },
    "PY": {
      "generationMix": {
        "Solar": 0.0,
        "Wind": 0.0,
        "Hydro_Embalse": 72.88809353881626,
        "Hydro_Pasada": 0.4505127345313104,
        "Coal": 0,
        "Gas": 0.0,
        "Diesel": 0.0006,
        "Nuclear": 0.0
      }
    },
    "SU": {
      "generationMix": {
        "Solar": 0.02221914999999999,
        "Wind": 1.691926403902146,
        "Hydro_Embalse": 1.49796,
        "Hydro_Pasada": 0.01970999999999857,
        "Coal": 0,
        "Gas": 1.159900972823404,
        "Diesel": 0.008511657160170254,
        "Nuclear": 0.0
      }
    },
    "UY": {
      "generationMix": {
        "Solar": 0.514404429673879,
        "Wind": 32.72078418712572,
        "Hydro_Embalse": 6.841236824937004,
        "Hydro_Pasada": 0.2023784851707772,
        "Coal": 0,
        "Gas": 0.1328297940124787,
        "Diesel": 0.0009367973070001005,
        "Nuclear": 0.0
      }
    },
    "VE": {
      "generationMix": {
        "Solar": 0.0,
        "Wind": 0.02894227692567494,
        "Hydro_Embalse": 106.4355924054511,
        "Hydro_Pasada": 0.6185282034491164,
        "Coal": 0,
        "Gas": 0.7426937603681442,
        "Diesel": 0.0,
        "Nuclear": 0.0
      }
    }
  },
  "staticLines": [
    {
      "id": "PA-CR",
      "from": "Panama",
      "to": "Costa Rica",
      "existingCapacity": 300.0,
      "coordinates": {
        "c1": "(9.51102,-84.57103)",
        "c2": "(8.07574,-82.2729)"
      }
    },
    {
      "id": "BR-UY",
      "from": "Brazil",
      "to": "Uruguay",
      "existingCapacity": 570.0,
      "coordinates": {
        "c1": "(-24.26318,-49.54945)",
        "c2": "(-33.02693,-55.40152)"
      }
    },
    {
      "id": "BR-AR",
      "from": "Brazil",
      "to": "Argentina",