{
  "scenarioParameters": {
    "year": 2035,
    "transmission": "Integrated",
    "sovereignty": "WithSovereignty",
    "demand": "ElecPlus",
    "hydroAndean": "High",
    "hydroConoSur": "Low"
  },
  "regional": {
    "generationMix": {
      "Solar": 524.7683430195914,
      "Wind": 1328.059929059579,
      "Hydro_Embalse": 865.9257908654865,
      "Hydro_Pasada": 112.41318693156448,
      "Coal": 0.0,
      "Gas": 69.86074476386686,
      "Diesel": 0.034492266315636795,
      "Nuclear": 45.68915774517308
    }
  },
  "countries": {
    "AR": {
      "generationMix": {
        "Solar": 161.6911726375886,
        "Wind": 18.61798646479711,
        "Hydro_Embalse": 23.02023070176963,
        "Hydro_Pasada": 3.429238475240651,
        "Coal": 0,
        "Gas": 3.787180549516942,
        "Diesel": 0.0,
        "Nuclear": 14.30648054653773
      }
    },
    "BO": {
      "generationMix": {
        "Solar": 0.4734535135946534,
        "Wind": 113.9494530007331,
        "Hydro_Embalse": 2.572166962454097,
        "Hydro_Pasada": 0.6057224204508904,
        "Coal": 0,
        "Gas": 0.1302937504942246,
        "Diesel": 0.0,
        "Nuclear": 0.0
      }
    },
    "BR": {
      "generationMix": {
        "Solar": 59.07703534670667,
        "Wind": 717.8939318617522,
        "Hydro_Embalse": 408.4825662457494,
        "Hydro_Pasada": 34.21849310153937,
        "Coal": 0,
        "Gas": 0.4140025007862498,
        "Diesel": 0.0,
        "Nuclear": 17.4324
      }
    },
    "BZ": {
      "generationMix": {
        "Solar": 0.02233463466037498,
        "Wind": 1.18143470537226,
        "Hydro_Embalse": 0.2285714285714286,
        "Hydro_Pasada": 0.0342857142857118,
        "Coal": 0,
        "Gas": 0.9954718796133949,
        "Diesel": 0.01645939587047464,
        "Nuclear": 0.0
      }
    },
    "CL": {
      "generationMix": {
        "Solar": 39.81403092746463,
        "Wind": 97.08159920766157,
        "Hydro_Embalse": 13.16949986668982,
        "Hydro_Pasada": 6.667690174924404,
        "Coal": 0,
        "Gas": 0.2198756516236035,
        "Diesel": 0.01046174455320944,
        "Nuclear": 0.0
      }
    },
    "CO": {
      "generationMix": {
        "Solar": 7.69001065193714,
        "Wind": 40.27424416707107,
        "Hydro_Embalse": 72.12083718013129,
        "Hydro_Pasada": 26.42687086072316,
        "Coal": 0,
        "Gas": 0.0,
        "Diesel": 0.0,
        "Nuclear": 0.0
      }
    },
    "CR": {
      "generationMix": {
        "Solar": 0.1391849383920999,
        "Wind": 9.095854598312792,
        "Hydro_Embalse": 12.2325,
        "Hydro_Pasada": 2.124844333748289,
        "Coal": 0,
        "Gas": 0.0,
        "Diesel": 0.0,
        "Nuclear": 0.0
      }
    },
    "EC": {
      "generationMix": {
        "Solar": 23.59777000229374,
        "Wind": 1.744646901137769,
        "Hydro_Embalse": 30.05010723092925,
        "Hydro_Pasada": 11.65295212816002,
        "Coal": 0,
        "Gas": 0.0003416758080558816,
        "Diesel": 0.0,
        "Nuclear": 0.0
      }
    },
    "ES": {
      "generationMix": {
        "Solar": 5.313546887330014,
        "Wind": 0.7897833327974995,
        "Hydro_Embalse": 3.738260562905813,
        "Hydro_Pasada": 0.8672462240954766,
        "Coal": 0,
        "Gas": 0.0019,
        "Diesel": 0.0,
        "Nuclear": 0.0
      }
    },
    "FG": {
      "generationMix": {
        "Solar": 0.1304163,
        "Wind": 1.659304798536883,
        "Hydro_Embalse": 0.9390788867830988,
        "Hydro_Pasada": 0.02989173361063973,
        "Coal": 0,
        "Gas": 0.0,
        "Diesel": 0.0,
        "Nuclear": 0.0
      }
    },
    "GU": {
      "generationMix": {
        "Solar": 10.28220105139444,
        "Wind": 2.254714206937487,
        "Hydro_Embalse": 7.548239704972858,
        "Hydro_Pasada": 2.107270919849132,
        "Coal": 0,
        "Gas": 0.0,
        "Diesel": 0.0,
        "Nuclear": 0.0
      }
    },
    "GY": {
      "generationMix": {
        "Solar": 0.02247685,
        "Wind": 0.08108243185639058,
        "Hydro_Embalse": 5e-06,
        "Hydro_Pasada": 9.99999999999928e-07,
        "Coal": 0,
        "Gas": 0.0,
        "Diesel": 0.0,
        "Nuclear": 0.0
      }
    },
    "HO": {
      "generationMix": {
        "Solar": 14.73936222617473,
        "Wind": 2.853651948806809,
        "Hydro_Embalse": 5.142551728873444,
        "Hydro_Pasada": 1.671713530401225,
        "Coal": 0,
        "Gas": 0.00025,
        "Diesel": 0.0,
        "Nuclear": 0.0
      }
    },
    "MX": {
      "generationMix": {
        "Solar": 169.5586689407843,
        "Wind": 196.9095148647851,
        "Hydro_Embalse": 81.3535842596396,
        "Hydro_Pasada": 7.625281716972697,
        "Coal": 0,
        "Gas": 60.98931767469603,
        "Diesel": 0.002911748044037266,
        "Nuclear": 13.95027719863535
      }
    },
    "NI": {
      "generationMix": {
        "Solar": 5.921688349157765,
        "Wind": 0.603037551714937,
        "Hydro_Embalse": 0.83952,
        "Hydro_Pasada": 0.2741061063384989,
        "Coal": 0,
        "Gas": 0.0,
        "Diesel": 0.0,
        "Nuclear": 0.0
      }
    },
    "PA": {
      "generationMix": {
        "Solar": 0.9524073499999998,
        "Wind": 4.829846037447079,
        "Hydro_Embalse": 11.28288,
        "Hydro_Pasada": 2.384516129032085,
        "Coal": 0,
        "Gas": 0.0,
        "Diesel": 0.0,
        "Nuclear": 0.0
      }
    },
    "PE": {
      "generationMix": {
        "Solar": 16.45002802833332,
        "Wind": 18.55162519300553,
        "Hydro_Embalse": 25.43783770073448,
        "Hydro_Pasada": 9.64197876261147,
        "Coal": 0,
        "Gas": 3.322111081328364,
        "Diesel": 0.0,
        "Nuclear": 0.0
      }
    },
    "PY": {
      "generationMix": {
        "Solar": 8.314934933778996,
        "Wind": 0.0,
        "Hydro_Embalse": 34.26090775509816,
        "Hydro_Pasada": 0.2380544092407515,
        "Coal": 0,
        "Gas": 0.0,
        "Diesel": 0.0,
        "Nuclear": 0.0
      }
    },
    "SU": {
      "generationMix": {
        "Solar": 0.02221914999999999,
        "Wind": 1.390794826352404,
        "Hydro_Embalse": 1.497948825247299,
        "Hydro_Pasada": 0.01969874999999858,
        "Coal": 0,
        "Gas": 0.0,
        "Diesel": 0.004659377847915453,
        "Nuclear": 0.0
      }
    },
    "UY": {
      "generationMix": {
        "Solar": 0.5554002999999998,
        "Wind": 64.65926141719841,
        "Hydro_Embalse": 6.841236824937004,
        "Hydro_Pasada": 0.1844964403401607,
        "Coal": 0,
        "Gas": 0.0,
        "Diesel": 0.0,
        "Nuclear": 0.0
      }
    },
    "VE": {
      "generationMix": {
        "Solar": 0.0,
        "Wind": 33.6381615433024,
        "Hydro_Embalse": 125.16726,
        "Hydro_Pasada": 2.20883399999984,
        "Coal": 0,
        "Gas": 0.0,
        "Diesel": 0.0,
        "Nuclear": 0.0
      }
    }
  },
  "staticLines": [
    {
      "id": "PA-CR",
      "from": "Panama",
      "to": "Costa Rica",
      "existingCapacity": 300.0,
      "coordinates": {
        "c1": "(9.51102,-84.57103)",
        "c2": "(8.07574,-82.2729)"
      }
    },
    {
      "id": "BR-UY",
      "from": "Brazil",
      "to": "Uruguay",
      "existingCapacity": 570.0,
      "coordinates": {
        "c1": "(-24.26318,-49.54945)",
        "c2": "(-33.02693,-55.40152)"
      }
    },
    {
      "id": "BR-AR",
      "from": "Brazil",
      "to": "Argentina",
      "existingCapacity": 2250.0,
      "coordinates": {
        "c1": "(-24.26318,-49.54945)",
        "c2": "(-31.3157,-66.22498)"
      }
    },
    {
      "id": "PY-AR",
      "from": "Paraguay",
      "to": "Argentina",