{
  "generation": {
    "regional": {
      "BESS": 22607.119368621945,
      "Coal": 0.0,
      "Diesel": 43949.128682695904,
      "Gas": 199.3816706311184,
      "Solar": 119077.34082896682,
      "Wind": 240676.71949135387
    },
    "countries": {
      "Argentina": {
        "BESS": 9218.559384317854,
        "Coal": 0.0,
        "Diesel": 10000.0,
        "Gas": 0.0,
        "Solar": 42933.52575407705,
        "Wind": 1282.0
      },
      "Belize": {
        "BESS": 42.68984231142007,
        "Coal": 0.0,
        "Diesel": 0.0,
        "Gas": 199.3816706311184,
        "Solar": 0.0,
        "Wind": 411.0
      },
      "Bolivia": {
        "BESS": 0.0,
        "Coal": 0.0,
        "Diesel": 0.0,
        "Gas": 0.0,
        "Solar": 0.0,
        "Wind": 9926.930146398397
      },
      "Brazil": {
        "BESS": 0.0,
        "Coal": 0.0,
        "Diesel": 2464.624483181302,
        "Gas": 0.0,
        "Solar": 0.0,
        "Wind": 133923.846075763
      },
      "Chile": {
        "BESS": 1220.08861666457,
        "Coal": 0.0,
        "Diesel": 1650.340499613244,
        "Gas": 0.0,
        "Solar": 5296.870697397338,
        "Wind": 21459.0
      },
      "Colombia": {
        "BESS": 1757.725194083391,
        "Coal": 0.0,
        "Diesel": 9353.568739777289,
        "Gas": 0.0,
        "Solar": 0.0,
        "Wind": 11968.0
      },
      "Costa Rica": {
        "BESS": 204.0232252802994,
        "Coal": 0.0,
        "Diesel": 802.1021565320438,
        "Gas": 0.0,
        "Solar": 0.0,
        "Wind": 2300.0
      },
      "Ecuador": {
        "BESS": 2747.937896681283,
        "Coal": 0.0,
        "Diesel": 2435.252955422607,
        "Gas": 0.0,
        "Solar": 7175.186095943649,
        "Wind": 410.0
      },
      "El Salvador": {
        "BESS": 512.6269979569221,
        "Coal": 0.0,
        "Diesel": 0.0,
        "Gas": 0.0,
        "Solar": 1653.882355863554,
        "Wind": 200.0
      },
      "French Guiana": {
        "BESS": 23.11235032448266,
        "Coal": 0.0,
        "Diesel": 0.0,
        "Gas": 0.0,
        "Solar": 0.0,
        "Wind": 182.5557213078077
      },
      "Guatemala": {
        "BESS": 2259.359566748642,
        "Coal": 0.0,
        "Diesel": 0.0,
        "Gas": 0.0,
        "Solar": 3421.416029109663,
        "Wind": 600.0
      },
      "Guyana": {
        "BESS": 0.0,
        "Coal": 0.0,
        "Diesel": 0.0,
        "Gas": 0.0,
        "Solar": 0.0,
        "Wind": 0.0
      },
      "Honduras": {
        "BESS": 1433.285874390505,
        "Coal": 0.0,
        "Diesel": 133.5830082997392,
        "Gas": 0.0,
        "Solar": 5956.752198460683,
        "Wind": 700.0
      },
      "Mexico": {
        "BESS": 1601.438222730396,
        "Coal": 0.0,
        "Diesel": 0.0,
        "Gas": 0.0,
        "Solar": 50225.4070722125,
        "Wind": 47200.0
      },
      "Nicaragua": {
        "BESS": 91.2572757793702,
        "Coal": 0.0,
        "Diesel": 971.3349787724131,
        "Gas": 0.0,
        "Solar": 895.0899274247208,
        "Wind": 0.0
      },
      "Panama": {
        "BESS": 514.8223729774331,
        "Coal": 0.0,
        "Diesel": 1934.487559631451,
        "Gas": 0.0,
        "Solar": 0.0,
        "Wind": 1152.0
      },
      "Paraguay": {
        "BESS": 496.9240736630736,
        "Coal": 0.0,
        "Diesel": 4203.834301465811,
        "Gas": 0.0,
        "Solar": 0.0,
        "Wind": 0.0
      },
      "Peru": {
        "BESS": 463.3413663977099,
        "Coal": 0.0,
        "Diesel": 10000.0,
        "Gas": 0.0,
        "Solar": 1519.210698477656,
        "Wind": 3658.0
      },
      "Suriname": {
        "BESS": 19.92710831459222,
        "Coal": 0.0,
        "Diesel": 0.0,
        "Gas": 0.0,
        "Solar": 0.0,
        "Wind": 258.622453617795
      },
      "Uruguay": {
        "BESS": 0.0,
        "Coal": 0.0,
        "Diesel": 0.0,
        "Gas": 0.0,
        "Solar": 0.0,
        "Wind": 5044.76509426689
      },
      "Venezuela": {
        "BESS": 0.0,
        "Coal": 0.0,
        "Diesel": 0.0,
        "Gas": 0.0,
        "Solar": 0.0,
        "Wind": 0.0
      }
    }
  },
  "transmission": {
    "lines": [
      {
        "id": "PA-CO",
        "newCapacityMW": 19431.50362919506
      },
      {
        "id": "PA-CR",
        "newCapacityMW": 17954.77020681179
      },
      {
        "id": "BR-PY",
        "newCapacityMW": 252.9848492462203
      },
      {
        "id": "BR-UY",
        "newCapacityMW": 0.0
      },
      {
        "id": "BR-AR",
        "newCapacityMW": 20379.09996225678
      },
      {
        "id": "BR-BO",
        "newCapacityMW": 8196.440891624707
      },
      {
        "id": "BR-VE",
        "newCapacityMW": 22794.00632246586
      },
      {
        "id": "BR-FG",
        "newCapacityMW": 283.5137463950306
      },
      {
        "id": "BR-GY",
        "newCapacityMW": 376.1939368083089
      },
      {
        "id": "PY-AR",
        "newCapacityMW": 0.0
      },
      {
        "id": "PY-BO",
        "newCapacityMW": 1937.250074998778
      },
      {
        "id": "UY-AR",
        "newCapacityMW": 0.0
      },
      {
        "id": "AR-CL",
        "newCapacityMW": 3797.740680413025
      },
      {
        "id": "AR-BO",
        "newCapacityMW": 0.0
      },
      {
        "id": "PE-CL",
        "newCapacityMW": 974.4720234654824
      },
      {
        "id": "PE-EC",
        "newCapacityMW": 1500.126414855803
      },
      {
        "id": "PE-BO",
        "newCapacityMW": 9871.949412091453
      },
      {
        "id": "CL-BO",
        "newCapacityMW": 2065.735590362573
      },
      {
        "id": "EC-CO",
        "newCapacityMW": 2532.30033296619
      },
      {
        "id": "CO-VE",
        "newCapacityMW": 23546.0476206963
      },
      {
        "id": "MX-GU",
        "newCapacityMW": 16771.19822294025
      },
      {
        "id": "HO-NI",
        "newCapacityMW": 16713.48248346066
      },
      {
        "id": "HO-ES",
        "newCapacityMW": 15649.17210306354
      },
      {
        "id": "NI-CR",
        "newCapacityMW": 17590.01345803233
      },
      {
        "id": "GU-ES",
        "newCapacityMW": 15462.24081130543
      },
      {
        "id": "FG-SU",
        "newCapacityMW": 173.5783530182315
      },
      {
        "id": "SU-GY",
        "newCapacityMW": 146.85573401334
      }
    ]
  }
}