{
  "scenarioParameters": {
    "year": 2045,
    "transmission": "Isolated",
    "sovereignty": "WithSovereignty",
    "demand": "ElecPlus",
    "hydroAndean": "Low",
    "hydroConoSur": "Low"
  },
  "regional": {
    "generationMix": {
      "Solar": 1251.8933934903075,
      "Wind": 1165.9878766483657,
      "Hydro_Embalse": 649.9961147139256,
      "Hydro_Pasada": 71.2099034518077,
      "Coal": 0.0,
      "Gas": 712.8882177178672,
      "Diesel": 55.353835691887944,
      "Nuclear": 40.83804517748351
    }
  },
  "countries": {
    "AR": {
      "generationMix": {
        "Solar": 221.5856274832734,
        "Wind": 18.99390615114004,
        "Hydro_Embalse": 23.02023070176964,
        "Hydro_Pasada": 3.024729092809486,
        "Coal": 0,
        "Gas": 109.8834156319138,
        "Diesel": 0.177853054071411,
        "Nuclear": 12.51776068420231
      }
    },
    "BO": {
      "generationMix": {
        "Solar": 18.10349420128387,
        "Wind": 19.60235311106223,
        "Hydro_Embalse": 2.572166962454099,
        "Hydro_Pasada": 0.4970176042341989,
        "Coal": 0,
        "Gas": 2.444474540349082,
        "Diesel": 0.04665872472326246,
        "Nuclear": 0.0
      }
    },
    "BR": {
      "generationMix": {
        "Solar": 191.03022321547,
        "Wind": 717.3883265561685,
        "Hydro_Embalse": 286.6714354965561,
        "Hydro_Pasada": 23.99854390386866,
        "Coal": 0,
        "Gas": 237.8594386614719,
        "Diesel": 51.89075631285569,
        "Nuclear": 17.25612947977818
      }
    },
    "BZ": {
      "generationMix": {
        "Solar": 0.02233463466037498,
        "Wind": 1.212958802060392,
        "Hydro_Embalse": 0.2285714285714286,
        "Hydro_Pasada": 0.0342857142857118,
        "Coal": 0,
        "Gas": 4.725916364945425,
        "Diesel": 0.02389602410277367,
        "Nuclear": 0.0
      }
    },
    "CL": {
      "generationMix": {
        "Solar": 110.6879927832319,
        "Wind": 88.28477060627934,
        "Hydro_Embalse": 13.16949986668983,
        "Hydro_Pasada": 5.481465147736212,
        "Coal": 0,
        "Gas": 6.84743681537614,
        "Diesel": 0.08244786469907171,
        "Nuclear": 0.0
      }
    },
    "CO": {
      "generationMix": {
        "Solar": 134.9201540091464,
        "Wind": 34.26821863672861,
        "Hydro_Embalse": 31.06134967140216,
        "Hydro_Pasada": 9.477181743247419,
        "Coal": 0,
        "Gas": 22.53927942284959,
        "Diesel": 0.03048863490234749,
        "Nuclear": 0.0
      }
    },
    "CR": {
      "generationMix": {
        "Solar": 0.1155237908259239,
        "Wind": 9.098766769786153,
        "Hydro_Embalse": 11.962029629149,
        "Hydro_Pasada": 1.880802396624511,
        "Coal": 0,
        "Gas": 6.078934446761944,
        "Diesel": 0.02625209618047231,
        "Nuclear": 0.0
      }
    },
    "EC": {
      "generationMix": {
        "Solar": 81.01876087990117,
        "Wind": 1.744646901137769,
        "Hydro_Embalse": 12.04086391575325,
        "Hydro_Pasada": 3.673242203277219,
        "Coal": 0,
        "Gas": 35.70548524351853,
        "Diesel": 0.01824614103858288,
        "Nuclear": 0.0
      }
    },
    "ES": {
      "generationMix": {
        "Solar": 11.60435615318482,
        "Wind": 0.8017734644643828,
        "Hydro_Embalse": 2.984211929096283,
        "Hydro_Pasada": 0.6825820585973574,
        "Coal": 0,
        "Gas": 2.041002474605958,
        "Diesel": 0.0,
        "Nuclear": 0.0
      }
    },
    "FG": {
      "generationMix": {
        "Solar": 0.2490200651787341,
        "Wind": 1.216301629243866,
        "Hydro_Embalse": 0.8173148472963201,
        "Hydro_Pasada": 0.02310096943508812,
        "Coal": 0,
        "Gas": 0.6995221474625477,
        "Diesel": 0.01473334714014445,
        "Nuclear": 0.0
      }
    },
    "GU": {
      "generationMix": {
        "Solar": 22.95720243652375,
        "Wind": 2.274881780233999,
        "Hydro_Embalse": 6.402446582945668,
        "Hydro_Pasada": 1.741859397208423,
        "Coal": 0,
        "Gas": 6.918459533099401,
        "Diesel": 0.000226700108859244,
        "Nuclear": 0.0
      }
    },
    "GY": {
      "generationMix": {
        "Solar": 0.02247685,
        "Wind": 0.08108243185639058,
        "Hydro_Embalse": 5e-06,
        "Hydro_Pasada": 9.99999999999928e-07,
        "Coal": 0,
        "Gas": 1.829523132056827,
        "Diesel": 0.01660250189079848,
        "Nuclear": 0.0
      }
    },
    "HO": {
      "generationMix": {
        "Solar": 29.79032357246786,
        "Wind": 2.853204097630299,
        "Hydro_Embalse": 4.198929256655058,
        "Hydro_Pasada": 1.35602436143,
        "Coal": 0,
        "Gas": 11.3313419305115,
        "Diesel": 0.01227824457154866,
        "Nuclear": 0.0
      }
    },
    "MX": {
      "generationMix": {
        "Solar": 351.6860672945879,
        "Wind": 200.2223871804107,
        "Hydro_Embalse": 66.23834366925406,
        "Hydro_Pasada": 6.030947037224822,
        "Coal": 0,
        "Gas": 93.73475224555304,
        "Diesel": 0.0,
        "Nuclear": 11.06415501350302
      }
    },
    "NI": {
      "generationMix": {
        "Solar": 9.830003453889459,
        "Wind": 0.4662951729352773,
        "Hydro_Embalse": 0.7046126289466744,
        "Hydro_Pasada": 0.2283643279730625,
        "Coal": 0,
        "Gas": 4.007813943994632,
        "Diesel": 0.0,
        "Nuclear": 0.0
      }
    },
    "PA": {
      "generationMix": {
        "Solar": 3.317252769999999,
        "Wind": 4.829846037447079,
        "Hydro_Embalse": 11.27043257734409,
        "Hydro_Pasada": 2.362706306301025,
        "Coal": 0,
        "Gas": 17.13433511465864,
        "Diesel": 0.1549498025773516,
        "Nuclear": 0.0
      }
    },
    "PE": {
      "generationMix": {
        "Solar": 16.45002802833332,
        "Wind": 18.55162519300553,
        "Hydro_Embalse": 25.43783770073447,
        "Hydro_Pasada": 9.64197876261147,
        "Coal": 0,
        "Gas": 146.2044,
        "Diesel": 2.839052260953242,
        "Nuclear": 0.0
      }
    },
    "PY": {
      "generationMix": {
        "Solar": 48.06833945738439,
        "Wind": 0.0,
        "Hydro_Embalse": 34.26090775509821,
        "Hydro_Pasada": 0.2112598704673226,
        "Coal": 0,
        "Gas": 0.0,
        "Diesel": 0.0051,
        "Nuclear": 0.0
      }
    },
    "SU": {
      "generationMix": {
        "Solar": 0.0171944139422356,
        "Wind": 3.332774916277186,
        "Hydro_Embalse": 1.216638485645944,
        "Hydro_Pasada": 0.01477124999999893,
        "Coal": 0,
        "Gas": 2.02341862983988,
        "Diesel": 0.01429398207239281,
        "Nuclear": 0.0
      }
    },
    "UY": {
      "generationMix": {
        "Solar": 0.4170179970222234,
        "Wind": 40.74100054235367,
        "Hydro_Embalse": 6.841236824937004,
        "Hydro_Pasada": 0.1454932406299292,
        "Coal": 0,
        "Gas": 0.116543103342593,
        "Diesel": 0.0,
        "Nuclear": 0.0
      }
    },
    "VE": {
      "generationMix": {
        "Solar": 0.0,
        "Wind": 0.0227566681441251,
        "Hydro_Embalse": 108.8970497836264,
        "Hydro_Pasada": 0.7035470638457898,
        "Coal": 0,
        "Gas": 0.7627243355558456,
        "Diesel": 0.0,
        "Nuclear": 0.0
      }
    }
  },
  "staticLines": [
    {
      "id": "PA-CR",
      "from": "Panama",
      "to": "Costa Rica",
      "existingCapacity": 300.0,
      "coordinates": {
        "c1": "(9.51102,-84.57103)",
        "c2": "(8.07574,-82.2729)"
      }
    },
    {
      "id": "BR-UY",
      "from": "Brazil",
      "to": "Uruguay",
      "existingCapacity": 570.0,
      "coordinates": {
        "c1": "(-24.26318,-49.54945)",