{
  "scenarioParameters": {
    "year": 2045,
    "transmission": "Isolated",
    "sovereignty": "WithSovereignty",
    "demand": "ElecPlus",
    "hydroAndean": "Low",
    "hydroConoSur": "High"
  },
  "regional": {
    "generationMix": {
      "Solar": 1227.6942119534415,
      "Wind": 1159.907848828421,
      "Hydro_Embalse": 971.4268256004757,
      "Hydro_Pasada": 94.98429513351904,
      "Coal": 0.0,
      "Gas": 452.244896033942,
      "Diesel": 3.700222972650334,
      "Nuclear": 40.92092164456571
    }
  },
  "countries": {
    "AR": {
      "generationMix": {
        "Solar": 219.0757658556024,
        "Wind": 18.73083890465683,
        "Hydro_Embalse": 23.02023070176965,
        "Hydro_Pasada": 3.021673585024164,
        "Coal": 0,
        "Gas": 72.42720683563815,
        "Diesel": 0.02314963624289389,
        "Nuclear": 12.51950176117142
      }
    },
    "BO": {
      "generationMix": {
        "Solar": 18.09813927589439,
        "Wind": 19.56692875079711,
        "Hydro_Embalse": 2.572166962454097,
        "Hydro_Pasada": 0.4977246475457512,
        "Coal": 0,
        "Gas": 2.356643703752691,
        "Diesel": 0.04892968622039925,
        "Nuclear": 0.0
      }
    },
    "BR": {
      "generationMix": {
        "Solar": 191.0550403041665,
        "Wind": 717.6872285539959,
        "Hydro_Embalse": 570.8974072446742,
        "Hydro_Pasada": 47.52793431668321,
        "Coal": 0,
        "Gas": 14.92077024906876,
        "Diesel": 0.338222436978864,
        "Nuclear": 17.33726486989127
      }
    },
    "BZ": {
      "generationMix": {
        "Solar": 0.02233463466037498,
        "Wind": 1.212958802060392,
        "Hydro_Embalse": 0.2285714285714286,
        "Hydro_Pasada": 0.0342857142857118,
        "Coal": 0,
        "Gas": 4.725916364945425,
        "Diesel": 0.02389602410277367,
        "Nuclear": 0.0
      }
    },
    "CL": {
      "generationMix": {
        "Solar": 110.6636497120008,
        "Wind": 88.29920751103955,
        "Hydro_Embalse": 13.16949986668984,
        "Hydro_Pasada": 5.482248909547784,
        "Coal": 0,
        "Gas": 6.770759031842072,
        "Diesel": 0.08144786469907171,
        "Nuclear": 0.0
      }
    },
    "CO": {
      "generationMix": {
        "Solar": 134.9916389363832,
        "Wind": 34.1967337094918,
        "Hydro_Embalse": 31.06134967140216,
        "Hydro_Pasada": 9.477181743247419,
        "Coal": 0,
        "Gas": 22.5392794228496,
        "Diesel": 0.03048863490234749,
        "Nuclear": 0.0
      }
    },
    "CR": {
      "generationMix": {
        "Solar": 0.1143433735691565,
        "Wind": 9.098766769786153,
        "Hydro_Embalse": 11.96121620746585,
        "Hydro_Pasada": 1.877086176729583,
        "Coal": 0,
        "Gas": 6.07805527083163,
        "Diesel": 0.02587134334701587,
        "Nuclear": 0.0
      }
    },
    "EC": {
      "generationMix": {
        "Solar": 81.02054261889268,
        "Wind": 1.742865162146269,
        "Hydro_Embalse": 12.04086391575326,
        "Hydro_Pasada": 3.673242203277219,
        "Coal": 0,
        "Gas": 35.70548524351853,
        "Diesel": 0.01824614103858294,
        "Nuclear": 0.0
      }
    },
    "ES": {
      "generationMix": {
        "Solar": 11.60435615318482,
        "Wind": 0.8017734644643828,
        "Hydro_Embalse": 2.984211929096283,
        "Hydro_Pasada": 0.6825820585973574,
        "Coal": 0,
        "Gas": 2.043853850027656,
        "Diesel": 0.0,
        "Nuclear": 0.0
      }
    },
    "FG": {
      "generationMix": {
        "Solar": 0.2490200651787341,
        "Wind": 1.216221277096367,
        "Hydro_Embalse": 0.816783288614884,
        "Hydro_Pasada": 0.0230044896532283,
        "Coal": 0,
        "Gas": 0.6995221474625477,
        "Diesel": 0.01473334714014444,
        "Nuclear": 0.0
      }
    },
    "GU": {
      "generationMix": {
        "Solar": 22.95720243652375,
        "Wind": 2.274881780233999,
        "Hydro_Embalse": 6.402446582945668,
        "Hydro_Pasada": 1.741859397208423,
        "Coal": 0,
        "Gas": 6.921553173179048,
        "Diesel": 0.0002267001088592497,
        "Nuclear": 0.0
      }
    },
    "GY": {
      "generationMix": {
        "Solar": 0.02247685,
        "Wind": 0.08108243185639058,
        "Hydro_Embalse": 5e-06,
        "Hydro_Pasada": 9.99999999999928e-07,
        "Coal": 0,
        "Gas": 1.829523132056827,
        "Diesel": 0.01660250189079848,
        "Nuclear": 0.0
      }
    },
    "HO": {
      "generationMix": {
        "Solar": 29.87241761480363,
        "Wind": 2.771110055294524,
        "Hydro_Embalse": 4.198929256655058,
        "Hydro_Pasada": 1.35602436143,
        "Coal": 0,
        "Gas": 11.32912746636217,
        "Diesel": 0.01265899740500584,
        "Nuclear": 0.0
      }
    },
    "MX": {
      "generationMix": {
        "Solar": 353.0888936040799,
        "Wind": 198.8195608709188,
        "Hydro_Embalse": 66.23834366925406,
        "Hydro_Pasada": 6.030947037224822,
        "Coal": 0,
        "Gas": 93.73366076073236,
        "Diesel": 0.0,
        "Nuclear": 11.06415501350302
      }
    },
    "NI": {
      "generationMix": {
        "Solar": 9.830003453889459,
        "Wind": 0.4662951729352773,
        "Hydro_Embalse": 0.7046126289466744,
        "Hydro_Pasada": 0.2283643279730625,
        "Coal": 0,
        "Gas": 4.010908828817715,
        "Diesel": 0.0,
        "Nuclear": 0.0
      }
    },
    "PA": {
      "generationMix": {
        "Solar": 3.317252769999999,
        "Wind": 4.829846037447079,
        "Hydro_Embalse": 11.27043257734409,
        "Hydro_Pasada": 2.362706306301025,
        "Coal": 0,
        "Gas": 17.12948033923452,
        "Diesel": 0.1549498025773516,
        "Nuclear": 0.0
      }
    },
    "PE": {
      "generationMix": {
        "Solar": 16.45002802833332,
        "Wind": 18.55162519300553,
        "Hydro_Embalse": 25.43783770073447,
        "Hydro_Pasada": 9.64197876261147,
        "Coal": 0,
        "Gas": 146.2044,
        "Diesel": 2.83905226095325,
        "Nuclear": 0.0
      }
    },
    "PY": {
      "generationMix": {
        "Solar": 24.83946819105931,
        "Wind": 0.0,
        "Hydro_Embalse": 71.63267030232534,
        "Hydro_Pasada": 0.4744534833822228,
        "Coal": 0,
        "Gas": 0.0,
        "Diesel": 0.05745361297058331,
        "Nuclear": 0.0
      }
    },
    "SU": {
      "generationMix": {
        "Solar": 0.0171944139422356,
        "Wind": 3.333022803053062,
        "Hydro_Embalse": 1.215809265477878,
        "Hydro_Pasada": 0.01478249999999893,
        "Coal": 0,
        "Gas": 2.02341862983988,
        "Diesel": 0.01429398207239281,
        "Nuclear": 0.0
      }
    },
    "UY": {
      "generationMix": {
        "Solar": 0.4044436612772268,
        "Wind": 36.20418553467778,
        "Hydro_Embalse": 6.841236824937003,
        "Hydro_Pasada": 0.1484891584242895,
        "Coal": 0,
        "Gas": 0.03260724822660957,
        "Diesel": 0.0,
        "Nuclear": 0.0
      }
    },
    "VE": {
      "generationMix": {
        "Solar": 0.0,
        "Wind": 0.0227160434641126,
        "Hydro_Embalse": 108.7322005753638,
        "Hydro_Pasada": 0.6877249543723197,
        "Coal": 0,
        "Gas": 0.7627243355558456,
        "Diesel": 0.0,
        "Nuclear": 0.0
      }
    }
  },
  "staticLines": [
    {
      "id": "PA-CR",
      "from": "Panama",
      "to": "Costa Rica",
      "existingCapacity": 300.0,
      "coordinates": {
        "c1": "(9.51102,-84.57103)",
        "c2": "(8.07574,-82.2729)"
      }
    },
    {
      "id": "BR-UY",
      "from": "Brazil",
      "to": "Uruguay",
      "existingCapacity": 570.0,
      "coordinates": {
        "c1": "(-24.26318,-49.54945)",