{
  "scenarioParameters": {
    "year": 2045,
    "transmission": "Isolated",
    "sovereignty": "WithSovereignty",
    "demand": "ElecPlus",
    "hydroAndean": "High",
    "hydroConoSur": "Low"
  },
  "regional": {
    "generationMix": {
      "Solar": 1184.7261092854856,
      "Wind": 1171.73791450909,
      "Hydro_Embalse": 830.9180816724921,
      "Hydro_Pasada": 101.74616260322648,
      "Coal": 0.0,
      "Gas": 611.3128024997955,
      "Diesel": 4.177656845690302,
      "Nuclear": 40.77819095106941
    }
  },
  "countries": {
    "AR": {
      "generationMix": {
        "Solar": 221.8235370407682,
        "Wind": 19.06588158942215,
        "Hydro_Embalse": 23.02023070176964,
        "Hydro_Pasada": 2.996340156695318,
        "Coal": 0,
        "Gas": 105.5822590014638,
        "Diesel": 0.07369973814003802,
        "Nuclear": 12.37328924847735
      }
    },
    "BO": {
      "generationMix": {
        "Solar": 17.99255049324341,
        "Wind": 19.65870007726467,
        "Hydro_Embalse": 2.572166962454098,
        "Hydro_Pasada": 0.4956362077950375,
        "Coal": 0,
        "Gas": 2.467111491986411,
        "Diesel": 0.05348459778740526,
        "Nuclear": 0.0
      }
    },
    "BR": {
      "generationMix": {
        "Solar": 191.0490089223457,
        "Wind": 717.6398567608111,
        "Hydro_Embalse": 408.4825662457494,
        "Hydro_Pasada": 34.10822063907514,
        "Coal": 0,
        "Gas": 161.6129890402106,
        "Diesel": 0.4816452214265851,
        "Nuclear": 17.34074668908904
      }
    },
    "BZ": {
      "generationMix": {
        "Solar": 0.02233463466037498,
        "Wind": 1.212958802060392,
        "Hydro_Embalse": 0.2285714285714286,
        "Hydro_Pasada": 0.0342857142857118,
        "Coal": 0,
        "Gas": 4.725916364945425,
        "Diesel": 0.02389602410277367,
        "Nuclear": 0.0
      }
    },
    "CL": {
      "generationMix": {
        "Solar": 110.5723415525374,
        "Wind": 88.33143693019696,
        "Hydro_Embalse": 13.16949986668984,
        "Hydro_Pasada": 5.485434391903445,
        "Coal": 0,
        "Gas": 6.824628963275614,
        "Diesel": 0.08144786469907171,
        "Nuclear": 0.0
      }
    },
    "CO": {
      "generationMix": {
        "Solar": 79.83164628291938,
        "Wind": 40.17660096485161,
        "Hydro_Embalse": 72.12083718013133,
        "Hydro_Pasada": 24.18025170887588,
        "Coal": 0,
        "Gas": 13.44753483535234,
        "Diesel": 0.1879533225796913,
        "Nuclear": 0.0
      }
    },
    "CR": {
      "generationMix": {
        "Solar": 0.1158800373456565,
        "Wind": 9.098766769786153,
        "Hydro_Embalse": 11.96446051463125,
        "Hydro_Pasada": 1.882985776293113,
        "Coal": 0,
        "Gas": 6.076337273820137,
        "Diesel": 0.02677755855961347,
        "Nuclear": 0.0
      }
    },
    "EC": {
      "generationMix": {
        "Solar": 69.48958307041862,
        "Wind": 1.744646901137769,
        "Hydro_Embalse": 30.05010723092926,
        "Hydro_Pasada": 9.415846123835436,
        "Coal": 0,
        "Gas": 23.85961216436014,
        "Diesel": 0.1636913751381621,
        "Nuclear": 0.0
      }
    },
    "ES": {
      "generationMix": {
        "Solar": 11.60435615318482,
        "Wind": 0.8017734644643828,
        "Hydro_Embalse": 2.984211929096283,
        "Hydro_Pasada": 0.6825820585973574,
        "Coal": 0,
        "Gas": 2.041845983763097,
        "Diesel": 0.0,
        "Nuclear": 0.0
      }
    },
    "FG": {
      "generationMix": {
        "Solar": 0.2489058761204161,
        "Wind": 1.216415818302184,
        "Hydro_Embalse": 0.8179609792152566,
        "Hydro_Pasada": 0.02310096943508812,
        "Coal": 0,
        "Gas": 0.6995221474625477,
        "Diesel": 0.01473334714014444,
        "Nuclear": 0.0
      }
    },
    "GU": {
      "generationMix": {
        "Solar": 22.95720243652375,
        "Wind": 2.274881780233999,
        "Hydro_Embalse": 6.402446582945668,
        "Hydro_Pasada": 1.741859397208423,
        "Coal": 0,
        "Gas": 6.912376421435343,
        "Diesel": 0.0002267001088592451,
        "Nuclear": 0.0
      }
    },
    "GY": {
      "generationMix": {
        "Solar": 0.02247685,
        "Wind": 0.08108243185639058,
        "Hydro_Embalse": 5e-06,
        "Hydro_Pasada": 9.99999999999928e-07,
        "Coal": 0,
        "Gas": 1.829523132056827,
        "Diesel": 0.01660250189079848,
        "Nuclear": 0.0
      }
    },
    "HO": {
      "generationMix": {
        "Solar": 29.76843237573041,
        "Wind": 2.875095294367749,
        "Hydro_Embalse": 4.198929256655058,
        "Hydro_Pasada": 1.35602436143,
        "Coal": 0,
        "Gas": 11.34002221511737,
        "Diesel": 0.01175278219240761,
        "Nuclear": 0.0
      }
    },
    "MX": {
      "generationMix": {
        "Solar": 351.1719275431718,
        "Wind": 200.7365269318268,
        "Hydro_Embalse": 66.23834366925406,
        "Hydro_Pasada": 6.030947037224822,
        "Coal": 0,
        "Gas": 93.73361798555428,
        "Diesel": 0.0,
        "Nuclear": 11.06415501350302
      }
    },
    "NI": {
      "generationMix": {
        "Solar": 9.830003453889459,
        "Wind": 0.4662951729352773,
        "Hydro_Embalse": 0.7046126289466744,
        "Hydro_Pasada": 0.2283643279730625,
        "Coal": 0,
        "Gas": 4.013007349021473,
        "Diesel": 0.0,
        "Nuclear": 0.0
      }
    },
    "PA": {
      "generationMix": {
        "Solar": 3.317252769999999,
        "Wind": 4.829846037447079,
        "Hydro_Embalse": 11.27043257734409,
        "Hydro_Pasada": 2.362706306301025,
        "Coal": 0,
        "Gas": 17.12943246047341,
        "Diesel": 0.1549498025773516,
        "Nuclear": 0.0
      }
    },
    "PE": {
      "generationMix": {
        "Solar": 16.45002802833332,
        "Wind": 18.55162519300553,
        "Hydro_Embalse": 25.43783770073448,
        "Hydro_Pasada": 9.64197876261147,
        "Coal": 0,
        "Gas": 146.2044,
        "Diesel": 2.866335575733646,
        "Nuclear": 0.0
      }
    },
    "PY": {
      "generationMix": {
        "Solar": 48.0305510424979,
        "Wind": 0.0,
        "Hydro_Embalse": 34.2609077550982,
        "Hydro_Pasada": 0.2095402801417365,
        "Coal": 0,
        "Gas": 0.0,
        "Diesel": 0.006166451541361215,
        "Nuclear": 0.0
      }
    },
    "SU": {
      "generationMix": {
        "Solar": 0.0171944139422356,
        "Wind": 3.332774916277186,
        "Hydro_Embalse": 1.216638485645944,
        "Hydro_Pasada": 0.01477124999999893,
        "Coal": 0,
        "Gas": 2.02341862983988,
        "Diesel": 0.01429398207239281,
        "Nuclear": 0.0
      }
    },
    "UY": {
      "generationMix": {
        "Solar": 0.4108963078530477,
        "Wind": 39.62010022360599,
        "Hydro_Embalse": 6.841236824937005,
        "Hydro_Pasada": 0.1469300667259119,
        "Coal": 0,
        "Gas": 0.03218636587196844,
        "Diesel": 0.0,
        "Nuclear": 0.0
      }
    },
    "VE": {
      "generationMix": {
        "Solar": 0.0,
        "Wind": 0.02264844923653934,
        "Hydro_Embalse": 108.9360781516931,
        "Hydro_Pasada": 0.7083560668184968,
        "Coal": 0,
        "Gas": 0.7570606737847333,
        "Diesel": 0.0,
        "Nuclear": 0.0
      }
    }
  },
  "staticLines": [
    {
      "id": "PA-CR",
      "from": "Panama",
      "to": "Costa Rica",
      "existingCapacity": 300.0,
      "coordinates": {
        "c1": "(9.51102,-84.57103)",
        "c2": "(8.07574,-82.2729)"
      }
    },
    {
      "id": "BR-UY",
      "from": "Brazil",
      "to": "Uruguay",
      "existingCapacity": 570.0,
      "coordinates": {
        "c1": "(-24.26318,-49.54945)",